,District_Number,Area,Belongs_To,Eligible_First_Votes_Final,Voters_First_Votes_Final,Invalid_First_Votes_Final,Valid_First_Votes_Final,CDU_First_Votes_Final,SPD_First_Votes_Final,AfD_First_Votes_Final,FDP_First_Votes_Final,Left_First_Votes_Final,Greens_First_Votes_Final,CSU_First_Votes_Final,FW_First_Votes_Final
0,1,Flensburg – Schleswig,1,231536.0,180112.0,1537.0,178575.0,23.363292734145315,21.798684026319474,5.469970600587988,6.88730225395492,3.6645667086658262,28.12879742405152,,1.3014139717205655
1,2,Nordfriesland – Dithmarschen Nord,1,188267.0,145387.0,1337.0,144050.0,30.367927802846236,27.786185352308223,5.743838944810829,9.68969107948629,2.818465810482471,14.308226310308921,,1.0482471364109684
2,3,Steinburg – Dithmarschen Süd,1,176899.0,136299.0,1319.0,134980.0,29.212475922358866,29.173951696547633,7.726329826640983,14.309527337383315,3.2145503037487035,12.361831382427026,,1.9010223736849903
3,4,Rendsburg-Eckernförde,1,202226.0,162060.0,1410.0,160650.0,29.6844070961718,30.79614067849362,6.349206349206349,8.031746031746032,2.7488328664799253,14.834733893557422,,1.0276999688764394
4,5,Kiel,1,202482.0,155986.0,1170.0,154816.0,18.354692021496486,29.524726126498553,4.61644791236048,7.392646754857379,4.699126705250103,28.118540719305496,,0.7389417114510128
5,6,Plön – Neumünster,1,174908.0,133721.0,1759.0,131962.0,27.939861475273187,31.446173898546554,7.126293933101954,9.411800366772253,2.8174777587487307,15.716645701035144,,1.8080962701383732
6,7,Pinneberg,1,238388.0,191512.0,1443.0,190069.0,26.15365998663643,31.19814383197681,6.3876802634832615,10.910248383481788,2.977339808174926,16.89333873488049,,1.2521768410419374
7,8,Segeberg – Stormarn-Mitte,1,249202.0,199618.0,1700.0,197918.0,27.923180306995825,32.017805353732356,7.093846946715307,10.395719439363777,3.1336209945533,13.697086672258207,,2.3595630513647063
8,9,Ostholstein – Stormarn-Nord,1,183138.0,143092.0,1301.0,141791.0,30.319977995782526,33.65093694240114,6.803675832739736,9.372245064919495,2.907095654872312,13.417635816095522,,1.8209900487336994
9,10,Herzogtum Lauenburg – Stormarn-Süd,1,246277.0,196903.0,1576.0,195327.0,26.556492446000806,31.021312977724534,7.194601872756968,10.52081893440231,2.6458195743547996,17.38059766442939,,1.8005703256590229
10,11,Lübeck,1,179394.0,131455.0,1580.0,129875.0,21.76400384985563,34.12127045235804,6.5740134744947065,7.4687199230028885,3.095283926852743,21.412127045235803,,1.3767083734359962
11,12,Schwerin – Ludwigslust-Parchim I – Nordwestmecklenburg I,13,214853.0,156565.0,2957.0,153608.0,20.672100411436904,29.41838966720483,16.531040049997394,7.661710327587105,11.656944950783814,7.851804593510754,,2.3123795635643978
12,13,Ludwigslust-Parchim II – Nordwestmecklenburg II – Landkreis Rostock I,13,205042.0,146362.0,2316.0,144046.0,18.19418796773253,35.22208183496938,17.188953528733876,7.1657664912597365,10.377934826374908,5.66693972758702,,2.451300279077517
13,14,Rostock – Landkreis Rostock II,13,222705.0,165329.0,2319.0,163010.0,16.975645665910065,26.95049383473406,12.196797742469787,7.509968713575854,18.22894300963131,10.15643212072879,,1.307281761855101
14,15,Vorpommern-Rügen – Vorpommern-Greifswald I,13,241066.0,168922.0,2769.0,166153.0,20.404687246092458,24.332392433479985,19.87625862909487,6.623413359975444,13.702430892009174,7.3420281306988135,,1.104403772426619
15,16,Mecklenburgische Seenplatte I – Vorpommern-Greifswald II,13,221421.0,154240.0,3572.0,150668.0,20.695834550136723,24.817479491331934,24.289829293546074,7.410332651923435,10.753444659781772,4.056601269015318,,1.6380386014283062
16,17,Mecklenburgische Seenplatte II – Landkreis Rostock III,13,209348.0,143622.0,3021.0,140601.0,21.30141321896715,31.102196997176407,21.56456924203953,6.987859261313931,10.308603779489477,5.386163683046351,,3.0326953577855065
17,18,Hamburg-Mitte,2,242078.0,179637.0,1439.0,178198.0,13.036622184311833,33.23774677605809,4.862007429937485,8.094366940145232,9.0882052548289,25.996924769077097,,0.7519725249441632
18,19,Hamburg-Altona,2,187705.0,152720.0,837.0,151883.0,16.750393394915825,28.592403363115032,3.417762356550766,8.15101097555355,9.689036956078034,29.669548270708372,,0.4977515587656288
19,20,Hamburg-Eimsbüttel,2,193823.0,160970.0,931.0,160039.0,17.159567355457106,29.602159473628305,3.405419928892332,8.096151563056505,7.092646167496673,29.826479795549837,,0.6235979979879904
20,21,Hamburg-Nord,2,219909.0,185457.0,1234.0,184223.0,23.813530340945483,30.72037693447615,3.397512796990604,8.568962615960004,4.936951412147235,25.71611579444478,,0.835943394690131
21,22,Hamburg-Wandsbek,2,233483.0,174014.0,1678.0,172336.0,19.197962120508773,38.654721010119765,6.6672082443598555,9.14202488162659,6.167602822393464,15.434383994058118,,
22,23,Hamburg-Bergedorf – Harburg,2,221794.0,158246.0,1601.0,156645.0,16.906380669667083,39.31820358134635,8.154744805132625,8.49117431134093,6.716460787130135,15.46873503782438,,1.3463564109930097
23,24,Aurich – Emden,3,191846.0,137847.0,2286.0,135561.0,17.718222792691112,52.81460006934148,,8.70309307249135,3.5858395851314167,9.3330677702289,,3.101924594831847
24,25,Unterems,3,238506.0,175826.0,2079.0,173747.0,44.39961553293006,28.455167571238636,7.818264488019937,6.194639331902133,2.5082447466718847,9.458580579808572,,
25,26,Friesland – Wilhelmshaven – Wittmund,3,189047.0,134164.0,1188.0,132976.0,22.023523041751893,45.415714113825054,7.6908615088437005,7.145650342919023,2.601973288412947,10.155215978823247,,1.9635122127301168
26,27,Oldenburg – Ammerland,3,228705.0,173725.0,1397.0,172328.0,19.900422450211224,38.15804744440834,4.974235179425282,7.461933057889605,5.909080358386333,20.379160670349567,,0.8216888723828978
27,28,Delmenhorst – Wesermarsch – Oldenburg-Land,3,226827.0,163753.0,1781.0,161972.0,24.948756575210528,36.65880522559455,7.408070530709011,10.667275825451313,3.044353345022597,13.089916775739017,,1.336650779147013
28,29,Cuxhaven – Stade II,3,188602.0,140739.0,1067.0,139672.0,30.13130763503064,36.812675410962825,7.3221547625866314,6.8889970788704975,1.9288046279855662,11.017956354888597,,1.5049544647459763
29,30,Stade I – Rotenburg II,3,198576.0,151821.0,1188.0,150633.0,34.56679479264172,31.7081914321563,7.126592446542259,7.978995306473349,2.8811747757795434,13.22618549720181,,
30,31,Mittelems,3,233253.0,180543.0,1330.0,179213.0,40.467488407649,29.18817273300486,5.018051145843215,9.745944769631668,2.229748957943899,12.589488485768333,,
31,32,Cloppenburg – Vechta,3,223948.0,164507.0,1321.0,163186.0,49.1059282046254,20.727881068228893,7.766597624796246,8.822448004118,2.1705293346242938,10.641844275856997,,
32,33,Diepholz – Nienburg I,3,194371.0,146954.0,1460.0,145494.0,33.75809311724195,31.929151717596604,6.655257261467827,9.396263763454163,2.769186358200338,13.54145188117723,,
33,34,Osterholz – Verden,3,197490.0,151308.0,1927.0,149381.0,33.65488248170785,32.51685287954961,,9.2140232024153,4.267611008093398,14.68259015537451,,3.0646467756943654
34,35,Rotenburg I – Heidekreis,3,168927.0,125100.0,934.0,124166.0,26.35181933862732,47.62253757067152,7.394939033229708,5.922716363577791,2.4241740895253128,8.081922587503826,,2.2018910168645203
35,36,Harburg,3,201740.0,161635.0,1122.0,160513.0,29.10106969528948,31.00870334490041,6.857388498127877,8.968120962165058,2.6353005675552756,15.026820257549234,,2.189853781313663
36,37,Lüchow-Dannenberg – Lüneburg,3,182673.0,139183.0,1546.0,137637.0,24.911179406700235,28.178469452254845,6.250499502314058,6.91165892892173,3.90737955636929,25.142948480423144,,1.1341427087193123
37,38,Osnabrück-Land,3,199960.0,151837.0,1251.0,150586.0,36.21518600666729,29.69001102360113,6.25423346127794,8.636925079356647,2.388004196937298,14.616896657059753,,0.8380593149429562
38,39,Stadt Osnabrück,3,195467.0,149541.0,1335.0,148206.0,29.22688690066529,30.279475864674843,4.517360970541004,6.808091440292566,4.707636667881192,23.03550463543986,,
39,40,Nienburg II – Schaumburg,3,193863.0,142895.0,1248.0,141647.0,30.93394141774976,35.311019647433405,8.256440305830692,6.215451086150783,2.167359704053033,12.774008627079994,,1.2326417079076861
40,41,Stadt Hannover I,3,176770.0,128894.0,1217.0,127677.0,21.384431025165064,34.88333842430508,5.912576266672932,7.479812338949067,3.651401583683827,21.813639104928846,,0.6633927802188334
41,42,Stadt Hannover II,3,190336.0,143712.0,1184.0,142528.0,18.37954647507858,32.92616187696453,4.543668612483161,6.692018410417602,5.184946115850921,26.506370678042206,,0.6139144589133364
42,43,Hannover-Land I,3,231250.0,174581.0,1464.0,173117.0,31.87728530415846,33.67491349780784,7.475868921018733,7.253475972896943,2.2996008479814227,12.991214034439135,,
43,44,Celle – Uelzen,3,214482.0,158022.0,1388.0,156634.0,32.88174981166286,32.32695327962001,9.255972521930104,8.56263646462454,2.7816438321181867,11.985265012704776,,2.1700269417878624
44,45,Gifhorn – Peine,3,219966.0,166592.0,1568.0,165024.0,24.40796490207485,43.69849234050805,9.2992534419236,6.506932324995152,2.193014349427962,9.551337987201862,,1.2628466162497576
45,46,Hameln-Pyrmont – Holzminden,3,184471.0,132893.0,1345.0,131548.0,25.523003010308027,43.24885213002098,8.520083923738863,6.919147383464591,2.7944172469364794,10.079210630340256,,1.5043938334296225
46,47,Hannover-Land II,3,238323.0,181202.0,1654.0,179548.0,25.4644997438011,40.70666339920244,7.45037538708312,6.618285917971796,2.280727159311159,12.410608862254104,,1.1016552676721545
47,48,Hildesheim,3,215131.0,161685.0,1676.0,160009.0,25.76730058934185,38.658450462161504,7.116474698298221,7.1914704797855125,3.425432319432032,14.3573174008962,,0.8874500809329475
48,49,Salzgitter – Wolfenbüttel,3,200922.0,147218.0,1794.0,145424.0,27.190147430960504,38.61604686984267,9.85463197271427,6.562878204422928,3.9023820002200464,10.557404554956541,,1.1353009131917704
49,50,Braunschweig,3,187721.0,140807.0,1254.0,139553.0,22.411556899529213,36.702901406634034,5.764834865606615,7.033886767034748,3.835102075913811,20.21740843980423,,0.8555889160390675
50,51,Helmstedt – Wolfsburg,3,180147.0,130671.0,1623.0,129048.0,26.631175996528423,42.11533692889468,9.561558489864238,7.567726737338044,2.770287024982952,8.760306242638398,,1.637375240220693
51,52,Goslar – Northeim – Osterode,3,197519.0,143611.0,1544.0,142067.0,33.22094504705526,36.693250367784216,7.911759944251656,6.213265571878058,2.699430550374119,10.526019413375378,,1.429607157186398
52,53,Göttingen,3,214542.0,161876.0,2399.0,159477.0,26.93679966390138,32.220947221229395,,9.56940499256946,5.052139179944444,23.23846071847351,,
53,54,Bremen I,4,245384.0,186308.0,1337.0,184971.0,21.32226132745133,30.239334814646618,4.9191494882981655,7.530369625508864,8.274810645993155,21.47417703315655,,1.0017786571949117
54,55,Bremen II – Bremerhaven,4,214365.0,144123.0,2037.0,142086.0,20.094872119702153,36.948045549878245,8.773559675126332,5.960474642118154,7.472235125205861,14.617203665385754,,1.266134594541334
55,56,Prignitz – Ostprignitz-Ruppin – Havelland I,12,172726.0,122512.0,1675.0,120837.0,19.392239132053923,32.980792306992065,19.695126492713324,6.086711851502437,8.974900071997816,4.65337603548582,,3.7645754197803654
56,57,Uckermark – Barnim I,12,182836.0,130965.0,1815.0,129150.0,17.801780874951607,29.614401858304294,20.257839721254356,8.489353464963221,9.53619821912505,5.828881145954317,,2.950832365466512
57,58,Oberhavel – Havelland II,12,249331.0,195208.0,2470.0,192738.0,20.751486473866077,26.303583102449956,16.012929469020122,8.987329950502755,8.04252404818977,9.871431684462847,,4.297024976911663
58,59,Märkisch-Oderland – Barnim II,12,230391.0,177065.0,2856.0,174209.0,23.42244086126434,24.750156421310034,18.32798535092906,7.043264125274813,12.456302487242334,6.74017989885712,,
59,60,Brandenburg an der Havel – Potsdam-Mittelmark I – Havelland III – Teltow-Fläming I,12,202955.0,147618.0,2239.0,145379.0,20.110194732389132,32.08303812792769,16.461111990039825,6.373685332819733,8.716527146286603,6.5167596420390845,,3.797659909615556
60,61,Potsdam – Potsdam-Mittelmark II – Teltow-Fläming II,12,232797.0,190547.0,1702.0,188845.0,13.794381635733007,34.0337313669941,9.162011173184357,8.93431120760412,7.784691148825757,18.77306785988509,,1.821070189838227
61,62,Dahme-Spreewald – Teltow-Fläming III – Oberspreewald-Lausitz I,12,252744.0,194461.0,2948.0,191513.0,19.883767681567306,26.471310041615975,17.606637669505464,7.870483988032144,9.094421788599208,7.061139452674231,,4.211202372684883
62,63,Frankfurt (Oder) – Oder-Spree,12,191387.0,142414.0,1973.0,140441.0,16.288690624532723,28.01888337451314,21.49087517178032,7.102626725813686,11.171951210828746,6.312259240535171,,3.6420988172969433
63,64,Cottbus – Spree-Neiße,12,171267.0,128323.0,1960.0,126363.0,16.67576743192232,27.60459944762312,25.743295110119256,9.02162816647278,8.828533668874591,3.68937109755229,,2.6708767598110206
64,65,Elbe-Elster – Oberspreewald-Lausitz II,12,162410.0,120351.0,2068.0,118283.0,16.173076435328827,25.36120997945605,24.990911627199175,8.959022006543629,8.986921197467092,3.474717415013146,,4.1189350963367515
65,66,Altmark,15,159998.0,108881.0,1301.0,107580.0,21.781929726715003,27.513478341699198,19.40416434281465,8.47369399516639,10.427588771147054,4.3446737311767984,,5.190555865402492
66,67,Börde – Jerichower Land,15,215532.0,148520.0,1774.0,146746.0,24.976489989505676,26.249437804096875,20.33649980237962,8.052689681490467,8.712332874490617,4.214084199910049,,2.5240892426369372
67,68,Harz,15,207942.0,138572.0,1728.0,136844.0,27.68407822045541,25.439186226652243,18.230247581187335,7.3543597088655694,10.532431089415685,4.618397591417965,,3.633334307678817
68,69,Magdeburg,15,229198.0,156789.0,1497.0,155292.0,22.00821677871365,25.264018751770855,15.0670993998403,7.816886896942534,9.747443525745048,9.26061870540659,,1.5647940653736185
69,70,Dessau – Wittenberg,15,169749.0,115204.0,1385.0,113819.0,34.30183009866543,19.48532318857133,19.330691712280025,6.669361002995985,7.909927165060315,6.705383108268391,,3.1014154051608256
70,71,Anhalt,15,214563.0,139289.0,2093.0,137196.0,23.53931601504417,20.690107583311466,24.217178343391936,7.753141491005569,14.756989999708448,3.343391935624945,,3.531444065424648
71,72,Halle,15,209765.0,148576.0,1505.0,147071.0,20.737602926477688,28.78541656750821,15.310292307796914,8.068891895751031,13.086876406633529,8.51357507598371,,2.1275438393701003
72,73,Burgenland – Saalekreis,15,184352.0,125866.0,1573.0,124293.0,26.267770510004585,21.85561536047887,26.009509787357292,9.464732527173695,9.991713129460226,3.3847441127014393,,
73,74,Mansfeld,15,198676.0,133064.0,1727.0,131337.0,24.92214684361604,23.57979853354348,25.072904055978135,8.443165292339554,9.980432018395426,2.9085482385009556,,3.0136214471169587
74,75,Berlin-Mitte,11,207483.0,152506.0,2296.0,150210.0,13.31602423274083,22.682910591838095,5.057586046201984,6.682644297982825,14.174156181346115,30.537247853005795,,
75,76,Berlin-Pankow,11,235647.0,184636.0,2530.0,182106.0,12.654717582067587,21.48803444147914,8.918981252677012,6.8723710366489845,16.231755131626635,25.480214819940034,,1.1784345381261463
76,77,Berlin-Reinickendorf,11,176585.0,128577.0,2951.0,125626.0,27.249932338847056,25.826660086287873,9.750370146307292,8.698040214605257,4.861254835782402,14.026555012497413,,2.070431280149014
77,78,Berlin-Spandau – Charlottenburg Nord,11,180251.0,126551.0,3394.0,123157.0,23.469230332015233,32.8450676778421,10.106611885641904,8.519207190821472,5.4978604545417635,11.91974471609409,,
78,79,Berlin-Steglitz-Zehlendorf,11,217814.0,177241.0,2421.0,174820.0,28.005376959157992,24.862715936391716,5.274568127216566,9.133394348472715,4.264386225832284,22.236014186019908,,0.817984212332685
79,80,Berlin-Charlottenburg-Wilmersdorf,11,196800.0,155726.0,1920.0,153806.0,22.306021871708516,27.914385654655867,4.251459630963682,9.740842359855922,5.722793649142426,24.401518796405863,,0.9323433416121608
80,81,Berlin-Tempelhof-Schöneberg,11,231500.0,178035.0,2786.0,175249.0,21.911679952524693,27.076331391334612,5.709019737630458,7.316446884147698,6.0901916701379175,25.119116228908585,,0.9358113313057421
81,82,Berlin-Neukölln,11,197037.0,139712.0,3167.0,136545.0,18.73155370024534,26.02072576806181,7.435643926910543,6.323922516386539,13.107766670328463,19.849866344428577,,
82,83,Berlin-Friedrichshain-Kreuzberg – Prenzlauer Berg Ost,11,220014.0,172469.0,2102.0,170367.0,7.648194779505421,17.385409146137455,3.8728157448332126,5.401867732600797,17.675371404086473,37.884097272359085,,
83,84,Berlin-Treptow-Köpenick,11,207127.0,158748.0,2509.0,156239.0,13.531832641017926,15.446207413001876,11.403682819270475,5.910816121454951,35.44057501648116,10.328407119861238,,1.5495490882558132
84,85,Berlin-Marzahn-Hellersdorf,11,197988.0,137133.0,2783.0,134350.0,29.432824711574245,14.806103461109043,15.563825828061034,4.599925567547451,21.87420915519166,6.189802754000744,,
85,86,Berlin-Lichtenberg,11,200673.0,145569.0,2772.0,142797.0,12.391716912820296,19.636266868351576,12.154316967443293,6.079959663018131,25.779953360364715,13.645244647996806,,1.7444344068852986
86,87,Aachen I,5,176306.0,140020.0,1107.0,138913.0,25.600195806008074,23.818505107513335,3.825415907798406,7.850957073851979,4.43515005794994,30.192998495461186,,0.6111739002109233
87,88,Aachen II,5,226420.0,170670.0,1883.0,168787.0,32.471695095001394,34.474811448749016,7.483988695811881,7.142137723876838,2.663712252720885,11.83503468869048,,1.2050691107727491
88,89,Heinsberg,5,192346.0,145368.0,1649.0,143719.0,39.72682804639609,25.917937085562798,7.6294713990495335,7.438821589351442,2.5104544284332624,10.693088596497331,,1.591995491201581
89,90,Düren,5,199656.0,153645.0,1707.0,151938.0,36.6721952375311,30.75859890218379,8.521238926404191,7.395779857573484,2.270004870407666,9.328805170530083,,1.4453263831299608
90,91,Rhein-Erft-Kreis I,5,249035.0,194862.0,1909.0,192953.0,32.979533876125274,30.503801443874934,7.015698123377195,9.091333122573891,3.052038579343156,13.1684918088861,,1.1049322892103257
91,92,Euskirchen – Rhein-Erft-Kreis II,5,249198.0,192814.0,2031.0,190783.0,34.584318309283326,26.675332707840845,7.861811586986262,10.380903958948124,2.617109490887553,13.106513683084971,,1.4278001708747636
92,93,Köln I,5,190630.0,140901.0,1097.0,139804.0,22.628823209636348,27.885468226946298,6.286658464707734,8.21864896569483,5.159365969500157,23.894166118279877,,0.7925381248032961
93,94,Köln II,5,242483.0,204955.0,972.0,203983.0,24.961884078575174,19.65997166430536,2.7389537363407737,8.309515989077521,4.299868126265424,34.639161106562796,,0.6711343592358187
94,95,Köln III,5,204539.0,155242.0,1107.0,154135.0,18.603172543549487,29.940636455055632,5.199987024361761,6.947156713270834,5.472475427385085,28.28689136146884,,0.713660103156324
95,96,Bonn,5,230215.0,185557.0,1447.0,184110.0,24.37238607354299,25.12139481831514,4.045407636738906,12.60007604149693,3.6255499429688776,25.238715985008962,,0.6425506490684917
96,97,Rhein-Sieg-Kreis I,5,238627.0,188217.0,1751.0,186466.0,32.59360955884719,28.537642251134255,6.995913464116783,8.904572415346497,3.3475271631289347,14.08835927193161,,1.0345049499640684
97,98,Rhein-Sieg-Kreis II,5,216063.0,176637.0,1317.0,175320.0,40.00912616929044,23.388090349075977,5.9234542550764315,7.936344969199179,2.6277663700661646,15.375313712069358,,0.9679443303673284
98,99,Oberbergischer Kreis,5,206640.0,160146.0,1639.0,158507.0,33.91459052281603,26.78809137766786,9.508097434182718,9.864548568832921,2.893878503788476,11.996315620130341,,1.4169721211050617
99,100,Rheinisch-Bergischer Kreis,5,217193.0,176933.0,1349.0,175584.0,30.02209768543831,22.682590668853653,5.420767268088208,16.844359394933477,2.7593630399125204,18.011891744122472,,2.068525605977766
100,101,Leverkusen – Köln IV,5,209102.0,154163.0,1403.0,152760.0,20.422230950510606,45.60225189840273,7.067949725058916,7.233568997119664,3.703194553548049,11.318407960199005,,0.9681853888452474
101,102,Wuppertal I,5,202528.0,146699.0,1741.0,144958.0,22.047765559679355,37.29701016846259,8.274810634804563,9.489645276562866,4.651002359304075,13.060334717642352,,1.0651361083900164
102,103,Solingen – Remscheid – Wuppertal II,5,220204.0,163495.0,1526.0,161969.0,27.64603103062932,32.630935549395254,7.615654847532552,10.746500873623965,3.1481332847643686,12.945069735566683,,1.0261222826590275
103,104,Mettmann I,5,203030.0,159457.0,1561.0,157896.0,29.97289355018493,24.906267416527335,6.779145766833865,9.41949131073618,2.692911790039013,22.859983786796374,,1.151390788873689
104,105,Mettmann II,5,160175.0,123769.0,1172.0,122597.0,31.3457914957136,30.698141063810695,7.254663654086152,9.101364633718607,2.7692357888039676,14.462017830778892,,0.9510836317365025
105,106,Düsseldorf I,5,220827.0,175110.0,1162.0,173948.0,31.13459194701865,22.39462368064019,4.025340906477798,13.936348793892428,2.9284613792627683,21.228183135189827,,0.6260491641180123
106,107,Düsseldorf II,5,190102.0,142287.0,1153.0,141134.0,24.658126319667833,29.1701503535647,5.820000850255785,10.020972976036958,3.8389048705485567,21.398812476086558,,0.9260702594697239
107,108,Neuss I,5,213250.0,162167.0,1605.0,160562.0,35.77745668339956,32.00695058606644,6.726996425056988,8.054209588819273,2.5865397790261704,11.242386118757864,,
108,109,Mönchengladbach,5,185185.0,129646.0,1707.0,127939.0,35.602904509180156,29.348361328445588,7.749787007870938,8.564237644502457,,13.523632356044676,,1.1114671835796748
109,110,Krefeld I – Neuss II,5,200048.0,155726.0,1520.0,154206.0,33.39688468671776,25.454910963256943,5.933621259873156,12.17916293788828,2.80079893129969,15.81196581196581,,1.2839967316446832
110,111,Viersen,5,227166.0,175085.0,1740.0,173345.0,35.83778014941302,27.578528368282907,5.948830367186824,8.734027517378639,3.2063226513600043,14.072514349995673,,1.2997202111396349
111,112,Kleve,5,225463.0,171093.0,1628.0,169465.0,37.58947275248576,28.408225887351367,5.775823916442923,8.74575871123831,2.4990410999321395,13.853598088100789,,2.011624819284218
112,113,Wesel I,5,206270.0,160625.0,1460.0,159165.0,29.810573932711335,34.23365689693086,6.81179907643012,9.079885653252914,2.8888260610058745,12.520340527125938,,0.8645116702792699
113,114,Krefeld II – Wesel II,5,175852.0,131664.0,1378.0,130286.0,28.424389420198644,35.19334387424589,6.966980335569439,8.407657000752192,3.146922923414642,13.353698785748277,,0.9103050212609184
114,115,Duisburg I,5,163394.0,118600.0,1320.0,117280.0,20.718792633015006,40.34276944065484,9.465381991814462,6.994372442019099,4.689631650750341,14.305081855388813,,1.2534106412005457
115,116,Duisburg II,5,155265.0,98339.0,1530.0,96809.0,20.043590988441156,39.419888646716736,13.801402762139883,7.128469460484046,5.050150295943559,10.864692332324474,,1.3046307678005142
116,117,Oberhausen – Wesel III,5,199156.0,145232.0,1478.0,143754.0,22.452940439918194,38.809354870125354,9.461301946380622,7.048151703604769,3.414165866688927,11.944711103691027,,0.9585820220654729
117,118,Mülheim – Essen I,5,182895.0,139658.0,1503.0,138155.0,23.951358980854838,36.31283703087112,8.471644167782562,8.601932611921391,2.651369838225182,14.148601208787232,,0.7998262820744815
118,119,Essen II,5,156298.0,105472.0,1274.0,104198.0,22.77874815255571,37.82222307529895,11.530931495806062,6.694946160195013,4.1507514539626476,12.137469049309967,,1.1535730052400237
119,120,Essen III,5,190335.0,152860.0,1013.0,151847.0,30.711834939116343,30.03813048660823,5.416636482775425,7.159179964042754,3.3125448642383453,18.93023899056287,,1.1096696016384915
120,121,Recklinghausen I,5,165193.0,121640.0,1121.0,120519.0,25.593474887777028,41.020088118885816,9.199379350973706,7.037064695193289,2.991229598652495,10.648113575452832,,
121,122,Recklinghausen II,5,186413.0,137841.0,1467.0,136374.0,28.102864182322147,37.433821696217755,9.611802836317773,8.273571208588146,2.8458503820376317,10.878906536436563,,
122,123,Gelsenkirchen,5,168496.0,112317.0,1233.0,111084.0,19.763422275035108,40.47837672392064,14.00291671167765,8.114579957509632,3.203881747146304,10.159879010478557,,0.948831514889633
123,124,Steinfurt I – Borken I,5,202388.0,156894.0,1176.0,155718.0,40.02234809077949,28.28638949896608,5.447026034241385,9.321337289202276,2.375447925095365,12.036501881606494,,0.9459407390282435
124,125,Bottrop – Recklinghausen III,5,199344.0,148734.0,1378.0,147356.0,27.032492738673685,39.061863785661934,9.55169792882543,7.703792176769185,2.6378294741985395,10.277151931377073,,
125,126,Borken II,5,201103.0,162159.0,1260.0,160899.0,43.71313681253457,25.389219323923705,4.915506000658798,8.330691924747823,2.4412830409138655,12.447560270728843,,1.0254880390804169
126,127,Coesfeld – Steinfurt II,5,194695.0,161064.0,1118.0,159946.0,40.8900503920073,25.099095944881398,4.527152914108512,7.758243407149913,2.652145098970903,16.923836794918284,,1.1616420541932901
127,128,Steinfurt III,5,195513.0,155635.0,1292.0,154343.0,33.97951316224253,31.14362167380445,5.691868111932514,7.382258994577014,2.9875018627342995,15.535528012284328,,0.6388368763079635
128,129,Münster,5,233953.0,196276.0,981.0,195295.0,26.163496249263936,24.09022248393456,2.6800481323126553,6.676054174454031,3.624260733761745,32.34081773726926,,0.4946363194142195
129,130,Warendorf,5,208754.0,165808.0,1443.0,164365.0,36.279621573936055,30.836856995102362,6.212393149393119,7.768077145377665,2.4786298786237944,12.925501171173911,,
130,131,Gütersloh I,5,234177.0,179726.0,1604.0,178122.0,39.96418185288735,25.75650396918966,7.19282289666633,7.583004906749307,2.405093138410752,12.82884764374979,,1.1694232043206343
131,132,Bielefeld – Gütersloh II,5,243059.0,185345.0,1481.0,183864.0,22.25993125353522,30.040682243397292,6.686463908105991,9.677261454118263,5.387133968585476,21.763368576774138,,
132,133,Herford – Minden-Lübbecke II,5,226894.0,170464.0,1646.0,168818.0,26.7376701536566,36.46175170894099,9.391771019677996,8.305393974576171,3.1584309730005096,10.715681977040363,,1.165160113258065
133,134,Minden-Lübbecke I,5,201888.0,152935.0,1419.0,151516.0,26.187993347237253,38.39066501227593,8.873650307558277,8.245993822434594,2.600385437841548,10.4847012856728,,1.3846722458354233
134,135,Lippe I,5,224415.0,172402.0,1897.0,170505.0,26.18691533972611,30.708190375648808,9.513504002815166,9.763936541450398,3.0984428609131696,15.795431219025835,,1.2732764435060555
135,136,Höxter – Gütersloh III – Lippe II,5,172435.0,134346.0,1416.0,132930.0,40.09177762732265,27.99217633340856,8.45858722635974,7.118032046941999,2.516361995034981,9.54261641465433,,1.1502294440683065
136,137,Paderborn,5,231534.0,178377.0,1540.0,176837.0,47.879685812358275,18.951350678873766,7.437357566572607,5.5672738171310305,3.12830459688866,12.964481415088471,,0.8160057001645583
137,138,Hagen – Ennepe-Ruhr-Kreis I,5,201594.0,144751.0,1651.0,143100.0,26.357791754018166,33.250174703004895,10.076170510132775,9.455625436757511,3.180992313067785,12.546470999301187,,1.482879105520615
138,139,Ennepe-Ruhr-Kreis II,5,175283.0,136706.0,1252.0,135454.0,24.626072319754307,35.43121650154296,7.183988660357022,8.512114813885157,2.7426284938060155,16.0452995112732,,1.0822862373942446
139,140,Bochum I,5,202393.0,154691.0,2624.0,152067.0,21.675971775598914,38.29561969395069,,8.980909730579285,6.155839202456812,18.602326606035497,,
140,141,Herne – Bochum II,5,173939.0,123045.0,1535.0,121510.0,19.77368117850383,43.44662990700353,9.762982470578553,6.958275039091433,3.840836145173237,11.737305571557895,,1.171097029051107
141,142,Dortmund I,5,206727.0,155814.0,1098.0,154716.0,19.42333048941286,32.98753845756095,6.8363970112981205,6.73233537578531,3.818609581426614,17.004059050130564,,0.604333100648931
142,143,Dortmund II,5,199317.0,143855.0,1298.0,142557.0,20.270488295909704,39.06858309307856,8.288614378809879,7.204135889503847,4.084681916707002,14.750590991673507,,0.9245424637162679
143,144,Unna I,5,194493.0,148083.0,1322.0,146761.0,25.081595246693606,40.79353506721813,7.996674865938498,6.225768426216774,3.2236084518366597,13.85926778912654,,1.3402743235600738
144,145,Hamm – Unna II,5,231226.0,168760.0,1708.0,167052.0,26.498335847520533,40.5706007710174,9.315662189018987,7.218111725690204,3.7623015587960635,10.151330124751574,,1.562387759500036
145,146,Soest,5,231811.0,179003.0,1554.0,177449.0,33.131209530625696,30.777293757643044,7.885082474401095,10.045703272489561,3.1265321303585822,12.484713917801734,,1.1366646191300036
146,147,Hochsauerlandkreis,5,200496.0,156518.0,1101.0,155417.0,40.41385434025879,32.20754486317456,6.478055811140352,6.952907339608923,1.7276102356885026,8.02872272660005,,1.4309888879594896
147,148,Siegen-Wittgenstein,5,207672.0,162162.0,1336.0,160826.0,33.60277567060053,30.403666073893525,8.968699090943007,8.44763906333553,3.046771044482857,10.336637110914902,,1.1615037369579546
148,149,Olpe – Märkischer Kreis I,5,203350.0,154830.0,1446.0,153384.0,37.082746570698376,29.576748552652166,8.543263964950713,10.39482605747666,2.565456631721692,8.89597350440724,,1.4792937985709071
149,150,Märkischer Kreis II,5,195816.0,143689.0,1229.0,142460.0,33.64944545837428,30.426786466376527,9.078337779025691,8.949178716832796,3.276709251719781,9.031307033553277,,1.406710655622631
150,151,Nordsachsen,14,161279.0,119206.0,1541.0,117665.0,22.847065822462074,18.915565376280117,27.792461649598437,8.712021416733947,8.027875748948285,4.999787532401309,,4.000339948157905
151,152,Leipzig I,14,224100.0,167696.0,1569.0,166127.0,20.530678336453438,20.218266747729146,15.921553991825533,8.064312243042973,15.311177593046285,11.90534952175143,,1.9840242705881646
152,153,Leipzig II,14,231178.0,180880.0,1421.0,179459.0,16.45946985105233,16.5670153071175,11.516279484450486,7.395003872750879,22.81189575334756,18.38581514440624,,1.4437838169163988
153,154,Leipzig-Land,14,212853.0,162283.0,2042.0,160241.0,24.379528335444736,19.96305564743106,24.555513258154903,9.796494030866008,7.908088441784562,5.027427437422382,,3.7949089184415974
154,155,Meißen,14,197004.0,149341.0,1904.0,147437.0,22.330893873315382,15.444562762400214,30.999681219775226,9.310417330792136,7.015877968216934,5.14796150220094,,4.931597902833074
155,156,Bautzen I,14,206895.0,159233.0,2098.0,157135.0,26.047029624208484,13.368122951602126,33.405670283514176,8.040220192827825,8.99481337703249,2.6028574155980526,,3.3989881312247427
156,157,Görlitz,14,204105.0,153057.0,2234.0,150823.0,26.05637071268971,12.549810042234938,35.78366694734888,7.4405097365786395,7.846946420638762,4.098844340717265,,3.0419763563912667
157,158,Sächsische Schweiz-Osterzgebirge,14,199703.0,154159.0,2120.0,152039.0,19.18981314004959,11.513493248442835,33.019817283723256,8.497819638382257,10.007300758358053,4.492268431126225,,5.557784515815021
158,159,Dresden I,14,228643.0,181120.0,1577.0,179543.0,21.059579042346403,14.632149401536124,18.81443442517948,10.352951660604981,18.865675632021297,9.544788713567224,,
159,160,Dresden II – Bautzen II,14,234432.0,189409.0,1649.0,187760.0,18.648274392841927,15.285470813804858,18.62963357477631,11.03057094162761,11.802300809544098,13.595547507456326,,1.7623561994034938
160,161,Mittelsachsen,14,193828.0,147733.0,2005.0,145728.0,23.768939393939394,17.654122749231448,33.43557861220905,9.895147123407993,8.347057531840141,3.704161176987264,,
161,162,Chemnitz,14,188691.0,140700.0,1371.0,139329.0,18.518040034737922,25.090254003114932,21.89206841361095,10.000789498237983,10.930244242045806,7.1298868146617,,
162,163,Chemnitzer Umland – Erzgebirgskreis II,14,177211.0,137423.0,1664.0,135759.0,23.65294381956261,17.075111042361833,28.92183943605949,8.744908256542844,8.345671373536929,4.137478914841742,,4.892493315360308
163,164,Erzgebirgskreis I,14,210941.0,161756.0,2261.0,159495.0,25.42399448258566,14.828051036082634,31.706950061130446,7.469826640333553,8.017179221919182,2.508542587541929,,5.147496786733127
164,165,Zwickau,14,197831.0,147142.0,1854.0,145288.0,21.197896591597377,16.583613237156545,25.559578217058533,9.629838665271736,15.54360993337371,4.121469082099003,,4.201998788612961
165,166,Vogtlandkreis,14,184973.0,137816.0,2065.0,135751.0,27.725025966659544,19.45694691015167,26.804959079491127,8.480232189818123,9.322214937643185,4.698307931433286,,
166,167,Waldeck,6,184073.0,138130.0,2140.0,135990.0,26.276932127362308,37.953525994558426,9.218324876829179,8.869769836017353,3.0943451724391497,9.986763732627399,,2.7671152290609604
167,168,Kassel,6,218474.0,162809.0,2213.0,160596.0,20.402127076639516,36.065032752995094,7.066178485142843,8.073675558544421,5.82642157961593,17.2756482104162,,1.5959301601534286
168,169,Werra-Meißner – Hersfeld-Rotenburg,6,171886.0,130905.0,1865.0,129040.0,26.75681959082455,43.69420334779913,11.007439553626783,5.529293242405456,3.0145691258524487,6.224426534407936,,2.4488530688158714
169,170,Schwalm-Eder,6,185944.0,141494.0,2240.0,139254.0,24.015827193473797,39.346805118703955,10.32645381820271,8.78538497996467,2.700820084162753,8.875867120513593,,2.952877475691901
170,171,Marburg,6,181588.0,141581.0,1503.0,140078.0,26.076900012849986,36.858036236953694,8.988563514613288,6.663430374505633,4.703093990491012,13.356130156055912,,1.5548480132497609
171,172,Lahn-Dill,6,206532.0,153384.0,2339.0,151045.0,30.084411930219474,33.05173954781688,10.471051673342382,7.984375517229965,3.1487305107749344,9.10589559402827,,3.031546889999669
172,173,Gießen,6,217514.0,161919.0,2144.0,159775.0,29.593490846502895,30.36394930370834,9.072758566734471,7.578782663120013,3.967454232514474,13.299327178845251,,2.87591926146143
173,174,Fulda,6,208542.0,163560.0,1895.0,161665.0,38.086784399839175,21.753626326044596,15.15974391488572,8.594315405313457,2.8750811864039836,8.556583057557294,,2.747657192342189
174,175,Main-Kinzig – Wetterau II – Schotten,6,178307.0,137070.0,2186.0,134884.0,27.518460306633845,30.51510927908425,13.037869576821565,11.19332166898965,3.023338572402954,9.408825361050976,,3.661664837934818
175,176,Hochtaunus,6,179842.0,144012.0,1556.0,142456.0,31.27211209075083,26.972538889200877,7.517408884146684,11.32419834896389,2.6478351210198237,15.28120963665974,,2.3649407536362106
176,177,Wetterau I,6,176897.0,138935.0,2010.0,136925.0,28.34179295234617,29.664414825634474,8.265838962935913,10.954902318787656,2.851195910169801,13.87328829651269,,3.0951250684681395
177,178,Rheingau-Taunus – Limburg,6,220466.0,172247.0,2267.0,169980.0,30.190610660077656,28.49805859512884,7.969761148370397,10.66360748323332,2.684433462760325,14.365219437580892,,3.590422402635604
178,179,Wiesbaden,6,186735.0,136214.0,1607.0,134607.0,26.280208310117604,25.815893675663226,6.828768191847379,10.396933294702356,4.9417935174247996,19.17508004784298,,1.190131271033453
179,180,Hanau,6,176271.0,131412.0,2036.0,129376.0,27.840557754142964,31.14256121691813,10.329581993569132,10.130163245115014,3.4488622310165717,12.36318946326985,,2.5568884491714075
180,181,Main-Taunus,6,195514.0,157718.0,1782.0,155936.0,33.337394828647646,22.76126103016622,6.789965113892879,13.014954853273139,2.739585470962446,16.912707777549766,,2.6799456187153705
181,182,Frankfurt am Main I,6,201216.0,145010.0,1507.0,143503.0,21.71592231521292,28.991728395922035,5.511383037288419,11.406730172888372,8.753823961868394,18.760583402437582,,1.4592029434924705
182,183,Frankfurt am Main II,6,227207.0,175004.0,1752.0,173252.0,22.507676679057095,23.33652713965784,4.611779373398287,11.408814905455637,6.134994112622077,28.992450303604002,,1.430286519058943
183,184,Groß-Gerau,6,174082.0,129261.0,1925.0,127336.0,27.74863353647044,33.45322611044795,8.544323679085254,8.423383803480554,3.9635295595903752,11.693472388012816,,2.725073820443551
184,185,Offenbach,6,219511.0,158052.0,2331.0,155721.0,27.83632265397731,26.351616031235352,7.61040578984209,9.522158218865792,4.814379563450016,16.84358564355482,,2.3972360824808474
185,186,Darmstadt,6,240763.0,188916.0,2462.0,186454.0,22.713913351282354,27.37726195200961,6.012206764134854,9.22050478938505,5.004987825415384,23.793536207321914,,1.7360850397417058
186,187,Odenwald,6,233901.0,179830.0,3020.0,176810.0,27.920932073977717,32.33527515412024,8.462756631412251,9.67705446524518,3.388383010010746,12.233470957525027,,2.8295910864770093
187,188,Bergstraße,6,197782.0,153176.0,1926.0,151250.0,30.49586776859504,27.189421487603305,9.488264462809918,10.694214876033058,2.7431404958677685,13.854545454545455,,2.834380165289256
188,189,Eichsfeld – Nordhausen – Kyffhäuserkreis,16,209203.0,154488.0,1998.0,152490.0,26.624040920716112,22.303101842743786,22.71952259164535,6.786018755328219,10.876778805167552,3.8697619516033837,,2.610662994294708
189,190,Eisenach – Wartburgkreis – Unstrut-Hainich-Kreis,16,212267.0,156113.0,2105.0,154008.0,22.995558672276765,23.84876110331931,24.781829515349852,5.758791751077866,11.178640070645681,3.536829255623084,,3.590073242948418
190,191,Jena – Sömmerda – Weimarer Land I,16,198697.0,154163.0,1912.0,152251.0,18.502341528134462,20.146337298277185,19.42713019947324,7.018673112163467,16.906949708047893,9.626209351662714,,3.952683397810195
191,192,Gotha – Ilm-Kreis,16,190519.0,142566.0,1982.0,140584.0,18.435952882262562,23.533972571558643,26.495902805440164,6.75325783872987,11.081630911056735,4.622147612815114,,3.999032606840039
192,193,Erfurt – Weimar – Weimarer Land II,16,217944.0,166604.0,1942.0,164662.0,17.39259817079836,24.404537780422928,16.539942427518188,7.475313065552465,16.38022130181827,11.832116699663553,,
193,194,Gera – Greiz – Altenburger Land,16,229588.0,168147.0,2517.0,165630.0,19.964378433858602,22.194046972166877,29.00078488196583,8.617400229427036,11.725532814103726,3.799432469963171,,
194,195,Saalfeld-Rudolstadt – Saale-Holzland-Kreis – Saale-Orla-Kreis,16,219437.0,166531.0,2037.0,164494.0,20.966722190475032,18.718615876566925,29.28799834644425,7.503617153209236,12.139044585212835,3.8250635281530028,,3.126557807579608
195,196,Suhl – Schmalkalden-Meiningen – Hildburghausen – Sonneberg,16,230071.0,171108.0,2146.0,168962.0,22.329872989192836,33.61169967211563,21.239687030219812,6.324498999775098,8.365786389839137,2.13953433316367,,2.89828482143914
196,197,Neuwied,7,238118.0,181837.0,2058.0,179779.0,31.944776642433208,30.214874929774886,9.350369064239985,8.861435429054561,2.78397365654498,9.210753202543122,,4.467707574299556
197,198,Ahrweiler,7,195109.0,148466.0,1861.0,146605.0,34.29692029603356,30.23430305924082,7.382422154769619,8.269840728488115,2.412605299955663,10.608778691040552,,4.735172743085161
198,199,Koblenz,7,193035.0,147127.0,1815.0,145312.0,31.706259634441754,29.877780224620125,6.7117650297291345,7.693101739704911,2.789859061880643,12.373375908390223,,4.836489759964765
199,200,Mosel/Rhein-Hunsrück,7,171102.0,134717.0,2348.0,132369.0,34.27086402405397,26.87185065989771,8.042668600654231,11.833586413737356,,9.694868133777545,,5.7483247588181525
200,201,Kreuznach,7,182380.0,138109.0,2008.0,136101.0,29.08795673801074,33.04604668591708,9.531157008398175,7.166001719311393,3.1550098823667714,7.31662515337874,,5.6193562134003425
201,202,Bitburg,7,163493.0,124449.0,1852.0,122597.0,37.79864107604591,27.432971443020627,6.482214083542012,7.350098289517688,2.3450818535526974,6.943073647805412,,8.61848169204793
202,203,Trier,7,190530.0,147171.0,1738.0,145433.0,27.70966699442355,32.965007941801375,5.6589632339290254,6.968844760130094,3.5246470883499614,13.022491456547,,5.1714535215528805
203,204,Montabaur,7,210816.0,164165.0,2172.0,161993.0,30.005617526683253,31.467409085577774,8.697906699672208,9.322007741075232,2.767403529782151,8.750995413382059,,5.527399332069905
204,205,Mainz,7,249630.0,202670.0,2669.0,200001.0,23.57638211808941,24.938875305623473,5.1799741001295,7.203963980180099,12.431437842810785,18.659406702966486,,2.3754881225593873
205,206,Worms,7,212943.0,166636.0,2491.0,164145.0,32.183130768527825,30.30735020865698,9.77367571354595,7.8991135885954495,3.0887325230741114,9.716409272289745,,3.5103110055134183
206,207,Ludwigshafen/Frankenthal,7,210969.0,154911.0,2122.0,152789.0,24.997218386140364,32.79555465380361,11.610783498812086,8.958760120165719,3.0421038163742153,11.166379778648986,,4.850480073827304
207,208,Neustadt – Speyer,7,219416.0,173828.0,2178.0,171650.0,30.16020972909991,28.055927759976697,10.022720652490532,8.519662103116806,2.6420040780658316,12.15787940576755,,5.649868919312555
208,209,Kaiserslautern,7,224701.0,169206.0,2409.0,166797.0,21.46501435877144,33.88730013129732,11.9918223948872,7.116434947870765,4.048633968236839,8.746560189931474,,7.329268512023597
209,210,Pirmasens,7,174093.0,132470.0,2004.0,130466.0,30.073735685925833,30.437815216224916,12.656170956417764,7.584351478546135,2.8191252893474164,6.048319102294851,,4.591234497876841
210,211,Südpfalz,7,217000.0,171259.0,1627.0,169632.0,28.214016223354083,28.238186191284665,9.820081116770421,10.028178645538578,3.0784285983776645,11.234908507828711,,3.7657989058668178
211,212,Altötting,9,168656.0,129441.0,880.0,128561.0,,11.37203350938465,11.06089716165867,7.191138836816764,2.454087942688685,8.669036488515179,43.32029153475782,10.150045503690855
212,213,Erding – Ebersberg,9,200569.0,168337.0,1132.0,167205.0,,14.476241739182441,6.846685206782094,7.910050536766244,2.0065189438114888,14.856015071319636,42.25710953619808,7.270715588648664
213,214,Freising,9,237250.0,194002.0,1237.0,192765.0,,13.461987393977124,9.359582911835655,7.619121728529557,2.0221513241511686,12.480481415194667,36.15230980727829,12.047311493269005
214,215,Fürstenfeldbruck,9,231905.0,192779.0,1489.0,191290.0,,19.254012232735636,6.825239165664698,8.379423911338806,1.6812170003659366,13.258926237649643,38.016101207590566,6.840399393590883
215,216,Ingolstadt,9,238384.0,187395.0,1167.0,186228.0,,13.936679768885451,9.56139785639109,5.840689906995725,2.4958652834160278,9.763300899972077,44.92503812530877,8.331185428614386
216,217,München-Nord,9,223683.0,175551.0,880.0,174671.0,,21.853656302419978,4.345884548665778,11.150677559526196,3.55869033783513,24.22783404228521,25.67913391461662,2.2722718711177015
217,218,München-Ost,9,242591.0,193958.0,906.0,193052.0,,19.80968858131488,4.178148892526366,9.377784223939663,2.541802208731326,21.945900586370513,31.68006547458716,2.6112135590410874
218,219,München-Süd,9,214606.0,172970.0,841.0,172129.0,,19.708474458109908,4.439112526070564,9.549233423769381,3.6228642471634647,27.453828233476056,26.758419557424958,2.593403784371024
219,220,München-West/Mitte,9,242252.0,198272.0,955.0,197317.0,,19.857386844519226,3.848629362903348,9.706715589634953,3.534920964742014,26.9485143195974,27.017945742130685,2.5633878479806604
220,221,München-Land,9,234912.0,199333.0,1041.0,198292.0,,15.248724103846852,4.950275351501825,9.168297258588344,1.858370483932786,20.411816916466623,39.09537449821475,3.9290541222036186
221,222,Rosenheim,9,237390.0,191410.0,1346.0,190064.0,,12.032262816735416,8.294048320565704,9.303182086034179,2.1524328647192523,13.775886017341527,36.12993517972893,8.875431433622358
222,223,Bad Tölz-Wolfratshausen – Miesbach,9,166662.0,136106.0,1765.0,134341.0,,11.48420809730462,,8.661540408363791,1.967381514206385,15.50457418062989,41.313523049553005,10.529920128627895
223,224,Starnberg – Landsberg am Lech,9,214828.0,180978.0,1158.0,179820.0,,13.338338338338337,5.95873651429207,9.22311200088978,2.058169280391503,19.91380269158047,38.15871426982538,5.024468913357802
224,225,Traunstein,9,208815.0,163876.0,1282.0,162594.0,,17.001857387111453,7.793030493130128,7.545173868654439,2.175357024244437,10.59018167952077,36.628042855209905,11.42231570660664
225,226,Weilheim,9,168473.0,138039.0,1444.0,136595.0,,14.40901936381273,7.091035543028662,6.261576192393573,1.9898239320619349,11.933086862623082,41.86024378637578,7.394121307514917
226,227,Deggendorf,9,166186.0,127193.0,691.0,126502.0,,15.436119587042102,13.780019288232598,4.9999209498664055,1.4980000316200535,5.446554204676606,37.36462664621904,15.58710534220803
227,228,Landshut,9,246854.0,195589.0,1639.0,193950.0,,11.584428976540345,9.891209074503738,11.74220159835009,2.039185357050786,11.245681876772364,36.44496004124774,10.349059035833978
228,229,Passau,9,177563.0,136625.0,1145.0,135480.0,,20.918954827280782,11.968556244464128,7.759816947150871,1.9788898730439917,8.929731325656924,30.653971065839976,12.680838500147622
229,230,Rottal-Inn,9,173632.0,133885.0,1438.0,132447.0,,11.924769907963185,12.690359162532939,7.708743874908454,1.4435963064471071,7.692133457156447,35.10309784291075,16.72971075222542
230,231,Straubing,9,173772.0,132955.0,877.0,132078.0,,12.35027786610942,12.715213737337027,5.220400066627296,1.4658005118187738,6.52114659519375,44.282166598525116,11.443995214948743
231,232,Amberg,9,216071.0,173297.0,1300.0,171997.0,,15.974697233091275,10.361808636197143,5.937894265597656,2.4174840258841725,8.086187549782844,40.278609510631,12.125211486246853
232,233,Regensburg,9,248192.0,198937.0,1225.0,197712.0,,16.61507647487254,8.374302015052198,6.956583313101886,3.0463502468236627,15.342012624423404,35.325119365541795,9.056607590839201
233,234,Schwandorf,9,222424.0,174957.0,1202.0,173755.0,,22.799343903772552,13.31875341716785,4.224914390952779,1.7513165088774423,4.5661995338263655,35.0631636499669,15.75839544185779
234,235,Weiden,9,165807.0,132247.0,823.0,131424.0,,22.501978329681034,10.289597029461895,4.795927684441198,1.7614743121499878,5.047023374726078,38.4823167762357,7.080898466033601
235,236,Bamberg,9,182586.0,148660.0,865.0,147795.0,,19.02838391014581,8.984742379647484,6.64501505463649,2.452721675293481,15.378057444433168,37.02831624885822,5.891944923711899
236,237,Bayreuth,9,162430.0,129136.0,806.0,128330.0,,19.356346918101767,8.397880464427647,7.154991038728278,2.0081041066001717,10.959245694693369,42.44136211330164,6.042234863243201
237,238,Coburg,9,156571.0,123864.0,921.0,122943.0,,26.0738716315691,9.66138779759726,5.180449476586711,1.9008808960249872,8.606427368780654,36.51285555094637,7.5116110717975
238,239,Hof,9,162872.0,125334.0,879.0,124455.0,,23.914667952271905,11.815515648226267,5.217146759873047,2.1300871801052588,6.380619501024467,41.22936000964204,5.786830581334619
239,240,Kulmbach,9,168923.0,137178.0,781.0,136397.0,,16.204901867343125,10.56914741526573,4.750837628393587,1.794760881837577,7.45250995256494,47.7745111696005,7.6467957506396775
240,241,Ansbach,9,243174.0,192508.0,1514.0,190994.0,,17.706838958291886,9.643234866016734,6.814873765668031,1.9885441427479396,11.174696587327352,38.38445186759793,8.687183890593422
241,242,Erlangen,9,187299.0,155377.0,946.0,154431.0,,20.744539632586722,6.90858700649481,6.722743490620406,,19.376291029650783,35.1114737326055,5.107782763823326
242,243,Fürth,9,250730.0,197939.0,1438.0,196501.0,,23.99631554037893,8.579091200553687,6.556200731802892,3.165887196502817,13.79687635177429,33.52451132564211,5.262059735064961
243,244,Nürnberg-Nord,9,188283.0,145212.0,1006.0,144206.0,,21.92419178120189,5.883943802615703,7.546149258699361,5.357613414143655,22.565635271764002,28.450272526801935,2.9721370816748265
244,245,Nürnberg-Süd,9,177316.0,129560.0,1137.0,128423.0,,24.215288538657408,10.218574554402249,6.834445543243811,4.036660099826355,12.12088177351409,34.41128146827282,4.591856598895836
245,246,Roth,9,229279.0,189675.0,1392.0,188283.0,,16.892656267427224,7.936988469484765,6.689929520987024,2.695941747263428,13.352241041411068,37.963066235400966,8.778275255864841
246,247,Aschaffenburg,9,182652.0,146772.0,1234.0,145538.0,,17.104124008849922,9.587873957316988,8.027456746691586,2.4296060135497255,13.45902788275227,40.72407206365348,3.495307067569982
247,248,Bad Kissingen,9,214061.0,174164.0,1624.0,172540.0,,19.035585951083807,9.928132606931726,7.074301611220586,2.5936014837139214,9.54387388431668,39.09702098064217,8.173177234264518
248,249,Main-Spessart,9,194408.0,158133.0,1348.0,156785.0,,21.494403163567945,8.021175495104762,6.068182542972861,2.5959115986860986,10.085786267818987,38.58085913831042,10.060911439232068
249,250,Schweinfurt,9,196710.0,157357.0,1554.0,155803.0,,18.636996720217198,9.927921798681668,7.963903134085994,4.205310552428387,9.465157923788373,40.883038195670174,4.981290475793149
250,251,Würzburg,9,224907.0,185659.0,2155.0,183504.0,,18.05137762664574,,10.579605894149447,4.099093207777487,19.778860406312667,36.86622634928939,5.1443020315633445
251,252,Augsburg-Stadt,9,207543.0,153315.0,1004.0,152311.0,,18.024305532758632,8.818141828233022,8.456382007865486,4.706160421768618,20.580916677062064,28.087268811838932,4.293846143745363
252,253,Augsburg-Land,9,249372.0,204737.0,1650.0,203087.0,,14.49378837641011,9.680580243934864,7.8941537370683506,1.7593445173743272,12.214469660785772,40.585069452993054,9.46884832608685
253,254,Donau-Ries,9,195774.0,157033.0,1109.0,155924.0,,19.15805135835407,10.083758754264899,6.358867140401735,1.9547984915728174,7.103460660321695,41.07449783227726,9.513609194222825
254,255,Neu-Ulm,9,241919.0,188813.0,1479.0,187334.0,,15.992825648307301,12.01970811491774,7.762605827025526,1.8501713517033749,11.007612072554902,37.19346194497529,7.454065999765125
255,256,Oberallgäu,9,228803.0,181755.0,1617.0,180138.0,,15.766245878160076,8.03439585206897,13.103287479598974,2.726243213536289,15.442049983901232,29.736091218954357,8.98255781678491
256,257,Ostallgäu,9,250575.0,198667.0,1542.0,197125.0,,12.321116043119847,10.156499682942295,7.23297400126823,3.382117945466075,12.23994927076728,38.75662650602409,9.039441978440076
257,258,Stuttgart I,8,191811.0,157514.0,832.0,156682.0,23.362607063989483,12.772366959829466,4.017691885475038,10.533437152959497,4.114703667300647,39.9497070499483,,0.8175795560434511
258,259,Stuttgart II,8,178958.0,133588.0,1124.0,132464.0,25.902886822079964,20.551999033699722,7.249516849861094,11.08074646696461,4.751479647300399,23.73928010629303,,1.3837721947095059
259,260,Böblingen,8,245553.0,195335.0,1541.0,193794.0,29.672745286231773,21.075987904682293,8.34649163544795,16.607325304188983,2.3468218830304344,15.589233928811005,,2.471696750157384
260,261,Esslingen,8,166628.0,131888.0,868.0,131020.0,32.037856815753315,21.75316745535033,6.963059074950389,12.2202717142421,2.653793313997863,18.362082124866433,,2.170660967791177
261,262,Nürtingen,8,205967.0,165777.0,1302.0,164475.0,30.099407204742363,21.046967624259004,8.266909864721082,13.841009271925826,2.4137406900744796,18.008207934336525,,2.400364797081623
262,263,Göppingen,8,177107.0,135606.0,1599.0,134007.0,31.011812815748428,23.74801316349146,11.80386099233622,12.298611266575627,2.2073473773758088,11.888931175237115,,3.2789331900572356
263,264,Waiblingen,8,221775.0,175841.0,1434.0,174407.0,28.993102341075762,22.7295922755394,8.712953035141938,15.551554696772493,2.559530294082233,15.036093734769821,,1.880658459809526
264,265,Ludwigsburg,8,215312.0,171843.0,1300.0,170543.0,29.492268811971172,18.417056109016492,8.438927425927773,14.008783708507533,2.8649666066622492,20.325079305512393,,2.229936145136417
265,266,Neckar-Zaber,8,230738.0,186673.0,1622.0,185051.0,30.396485293243487,22.538651506881887,9.985355388514519,12.316604611701639,2.3544860605995104,15.679461337685286,,2.2793716326850433
266,267,Heilbronn,8,240951.0,182804.0,1863.0,180941.0,27.798564172851925,24.254867608778554,12.762723760783901,13.677386551417312,2.341647277289282,12.721273785377555,,2.5395018265622493
267,268,Schwäbisch Hall – Hohenlohe,8,225874.0,172687.0,1561.0,171126.0,32.07811787805477,19.615955494781623,12.025641924663697,11.65281722239753,2.3900517747157064,15.091219335460421,,2.0219019903462945
268,269,Backnang – Schwäbisch Gmünd,8,177062.0,136436.0,1435.0,135001.0,30.500514811001402,24.373152791460804,11.705098480751994,11.998429641261916,2.9103488122310206,11.545840401182215,,2.4340560440293038
269,270,Aalen – Heidenheim,8,220686.0,168655.0,1722.0,166933.0,37.04001006391786,21.865658677433462,10.176537892447868,9.409763198408942,2.339261859548442,12.198906147975535,,2.6819143009470867
270,271,Karlsruhe-Stadt,8,205608.0,159591.0,1350.0,158241.0,19.540447797979034,21.25239350105219,6.83198412547949,9.980346433604439,5.0277740914175215,30.000442363230768,,1.088845495162442
271,272,Karlsruhe-Land,8,209147.0,167946.0,1687.0,166259.0,30.42301469394138,22.824629042638293,8.999813543928449,11.467649871585898,2.4299436421486957,16.693833115801247,,2.6212114832881226
272,273,Rastatt,8,204890.0,155331.0,1736.0,153595.0,33.196393111754944,22.68758748657183,10.713239363260522,11.565480647156482,2.7422767668218366,12.996516813698364,,2.91480842475341
273,274,Heidelberg,8,218431.0,177868.0,1231.0,176637.0,24.107067035785253,20.15546006782271,6.127255331555676,9.004908371405765,3.955569897586576,30.168084829339264,,1.6072510289463702
274,275,Mannheim,8,196863.0,142132.0,1350.0,140782.0,19.878961799093634,26.354221420352037,9.783210921850804,10.568822718813484,4.837976445852453,22.533420465684532,,2.276569447798724
275,276,Odenwald – Tauber,8,209418.0,162058.0,1806.0,160252.0,35.81296957292265,20.644360132790855,12.089708708783666,9.702843022239973,2.322591917729576,11.041983875396252,,4.573421860569603
276,277,Rhein-Neckar,8,196882.0,154085.0,1588.0,152497.0,28.516626556587997,27.020203676137893,10.030361253008255,11.65203249899998,2.626936923349312,14.88291572948976,,2.6092316570162035
277,278,Bruchsal – Schwetzingen,8,195755.0,152231.0,2028.0,150203.0,29.603270240940592,21.861081336591145,11.552365798286319,11.740777481142189,2.5658608682915784,14.749372515861866,,3.364779664853565
278,279,Pforzheim,8,217126.0,163982.0,1441.0,162541.0,28.479583612750016,20.891344337736324,14.11520785524883,12.693412738939713,2.3206452525824255,12.722328520188753,,2.7113159141385865
279,280,Calw,8,199092.0,152863.0,1350.0,151513.0,33.79775992819098,17.233504715766966,12.321054958980419,14.972312606839017,1.9787080976549867,11.69008599922119,,2.7733593817032203
280,281,Freiburg,8,224392.0,180976.0,1207.0,179769.0,20.643714989792457,26.2548047772419,4.509676306815969,7.695987628567773,5.34241165050704,28.801962518565492,,1.5403100645828813
281,282,Lörrach – Müllheim,8,231076.0,174064.0,1720.0,172344.0,25.24543935385044,21.756487025948104,8.112263844404215,14.175138095901222,2.6574757461820546,20.631991830292904,,2.0482291231490506
282,283,Emmendingen – Lahr,8,218872.0,168004.0,1349.0,166655.0,27.84554918844319,27.791545408178575,8.638204674327204,9.97269808886622,2.9528066964687527,14.007980558639105,,2.3779664576520356
283,284,Offenburg,8,205893.0,156776.0,1623.0,155153.0,34.89974412354257,18.69316094435815,8.943430033579757,10.758412663628805,2.741809697524379,13.997151199138916,,3.7904520054397914
284,285,Rottweil – Tuttlingen,8,198182.0,149664.0,1826.0,147838.0,31.477022145862364,16.226545272528035,13.726511451724186,16.76429605378861,2.148973876811104,12.299949945210297,,2.525061215654974
285,286,Schwarzwald-Baar,8,162800.0,122862.0,1370.0,121492.0,36.371119086030355,18.10489579560794,10.531557633424422,13.784446712540744,2.269285220426036,12.092977315378791,,2.7211668257992296
286,287,Konstanz,8,206009.0,157563.0,1277.0,156286.0,34.143813265423645,20.146398269838627,8.629691719027937,10.907566896587026,3.5774157634081107,18.006731249120204,,1.797345891506597
287,288,Waldshut,8,177275.0,136195.0,1318.0,134877.0,33.61210584458432,25.541048510865455,8.466973612995545,7.575049860243037,2.673547009497542,15.331746702551213,,2.581611394084981
288,289,Reutlingen,8,199189.0,153820.0,1343.0,152477.0,32.549827187051164,17.862366127350356,10.071027105727422,13.386281209625059,4.045856096329283,16.657594260117918,,2.0586711438446454
289,290,Tübingen,8,198791.0,160835.0,1207.0,159628.0,26.952664945999448,18.1559626130754,7.820683088180018,9.433808605006641,4.714711704713459,25.670934923697597,,1.7471872102638633
290,291,Ulm,8,223376.0,177537.0,1539.0,175998.0,32.7321901385243,18.282025932112862,9.052375595177217,11.218877487244173,2.6159388174865623,18.757031329901476,,2.8187820316139955
291,292,Biberach,8,169147.0,133345.0,1174.0,132171.0,35.14991942256622,18.587284653970993,10.190586437266875,9.869789893395676,1.561613364505073,13.552140787313405,,3.352475202578478
292,293,Bodensee,8,174430.0,137838.0,1083.0,136755.0,30.436912727139777,20.840919893239736,9.201857336112026,12.24891228839896,2.709224525611495,17.099923220357574,,2.228072099740412
293,294,Ravensburg,8,187817.0,147020.0,1080.0,145940.0,30.558448677538713,13.791969302453063,8.035494038646018,14.344251062080307,2.990955187063177,21.065506372481842,,3.0430313827600384
294,295,Zollernalb – Sigmaringen,8,182648.0,138084.0,1688.0,136396.0,30.137247426610752,18.30698847473533,11.403560221707382,13.693949969207308,2.088037772368691,16.949177395231533,,2.462682190093551
295,296,Saarbrücken,10,192929.0,142697.0,2299.0,140398.0,25.10861978090856,36.85878716221029,8.95240672944059,8.295702217980313,6.204504337668628,7.936722745338252,,1.854727275317312
296,297,Saarlouis,10,203279.0,159170.0,3047.0,156123.0,27.97217578447762,36.736419361657155,9.678907015622299,8.183931899848197,5.3835757703861695,4.728963701696739,,2.787545717158907
297,298,St. Wendel,10,173074.0,139808.0,2828.0,136980.0,32.068915170097824,35.14016644765659,9.012994597751495,8.288801284859105,4.221784202073295,4.189662724485326,,2.600379617462403
298,299,Homburg,10,185941.0,142288.0,2676.0,139612.0,26.123828897229462,36.59499183451279,11.610749792281466,7.889722946451593,5.2373721456608315,4.889264533134688,,3.164484428272641
