,District_Number,Area,Belongs_To,Eligible_First_Votes_Final,Eligible_Second_Votes_Final,Voters_First_Votes_Final,Voters_Second_Votes_Final,Invalid_First_Votes_Final,Invalid_Second_Votes_Final,Valid_First_Votes_Final,Valid_Second_Votes_Final,CDU_First_Votes_Final,CDU_Second_Votes_Final,SPD_First_Votes_Final,SPD_Second_Votes_Final,AfD_First_Votes_Final,AfD_Second_Votes_Final,FDP_First_Votes_Final,FDP_Second_Votes_Final,Left_First_Votes_Final,Left_Second_Votes_Final,Greens_First_Votes_Final,Greens_Second_Votes_Final,CSU_First_Votes_Final,CSU_Second_Votes_Final,FW_First_Votes_Final,FW_Second_Votes_Final
0,1,Flensburg – Schleswig,1,231536.0,231536.0,180112.0,180112.0,1537.0,1487.0,178575.0,178625.0,41721.0,36421.0,38927.0,45508.0,9768.0,10317.0,12299.0,19189.0,6544.0,7475.0,50231.0,33300.0,,,2324.0,1715.0
1,2,Nordfriesland – Dithmarschen Nord,1,188267.0,188267.0,145387.0,145387.0,1337.0,1242.0,144050.0,144145.0,43745.0,35511.0,40026.0,37926.0,8274.0,8798.0,13958.0,18350.0,4060.0,4437.0,20611.0,22588.0,,,1510.0,1081.0
2,3,Steinburg – Dithmarschen Süd,1,176899.0,176899.0,136299.0,136299.0,1319.0,1190.0,134980.0,135109.0,39431.0,32842.0,39379.0,37468.0,10429.0,11303.0,19315.0,18492.0,4339.0,4524.0,16686.0,19237.0,,,2566.0,1713.0
3,4,Rendsburg-Eckernförde,1,202226.0,202226.0,162060.0,162060.0,1410.0,1105.0,160650.0,160955.0,47688.0,38517.0,49474.0,43148.0,10200.0,10564.0,12903.0,19322.0,4416.0,5163.0,23832.0,28828.0,,,1651.0,1174.0
4,5,Kiel,1,202482.0,202482.0,155986.0,155986.0,1170.0,918.0,154816.0,155068.0,28416.0,23920.0,45709.0,40338.0,7147.0,7654.0,11445.0,16110.0,7275.0,9430.0,43532.0,44089.0,,,1144.0,954.0
5,6,Plön – Neumünster,1,174908.0,174908.0,133721.0,133721.0,1759.0,1194.0,131962.0,132527.0,36870.0,30290.0,41497.0,38670.0,9404.0,9741.0,12420.0,15901.0,3718.0,4232.0,20740.0,23051.0,,,2386.0,1275.0
6,7,Pinneberg,1,238388.0,238388.0,191512.0,191512.0,1443.0,1242.0,190069.0,190270.0,49710.0,42057.0,59298.0,55693.0,12141.0,13080.0,20737.0,25663.0,5659.0,6363.0,32109.0,34291.0,,,2380.0,1731.0
7,8,Segeberg – Stormarn-Mitte,1,249202.0,249202.0,199618.0,199618.0,1700.0,1353.0,197918.0,198265.0,55265.0,44285.0,63369.0,56658.0,14040.0,14527.0,20575.0,27675.0,6202.0,6468.0,27109.0,33361.0,,,4670.0,2297.0
8,9,Ostholstein – Stormarn-Nord,1,183138.0,183138.0,143092.0,143092.0,1301.0,1126.0,141791.0,141966.0,42991.0,35564.0,47714.0,42520.0,9647.0,10073.0,13289.0,17986.0,4122.0,4036.0,19025.0,22314.0,,,2582.0,1603.0
9,10,Herzogtum Lauenburg – Stormarn-Süd,1,246277.0,246277.0,196903.0,196903.0,1576.0,1316.0,195327.0,195587.0,51872.0,45364.0,60593.0,56422.0,14053.0,14682.0,20550.0,27725.0,5168.0,6325.0,33949.0,32475.0,,,3517.0,2204.0
10,11,Lübeck,1,179394.0,179394.0,131455.0,131455.0,1580.0,1218.0,129875.0,130237.0,28266.0,23628.0,44315.0,39704.0,8538.0,8827.0,9700.0,13626.0,4020.0,5785.0,27809.0,29229.0,,,1788.0,1296.0
11,12,Schwerin – Ludwigslust-Parchim I – Nordwestmecklenburg I,13,214853.0,214853.0,156565.0,156565.0,2957.0,2402.0,153608.0,154163.0,31754.0,26383.0,45189.0,49271.0,25393.0,24185.0,11769.0,13242.0,17906.0,16604.0,12061.0,12419.0,,,3552.0,2476.0
12,13,Ludwigslust-Parchim II – Nordwestmecklenburg II – Landkreis Rostock I,13,205042.0,205042.0,146362.0,146362.0,2316.0,2258.0,144046.0,144104.0,26208.0,24621.0,50736.0,46846.0,24760.0,24673.0,10322.0,11638.0,14949.0,14979.0,8163.0,10147.0,,,3531.0,2384.0
13,14,Rostock – Landkreis Rostock II,13,222705.0,222705.0,165329.0,165329.0,2319.0,2352.0,163010.0,162977.0,27672.0,23103.0,43932.0,47280.0,19882.0,20658.0,12242.0,14852.0,29715.0,21491.0,16556.0,20941.0,,,2131.0,1871.0
14,15,Vorpommern-Rügen – Vorpommern-Greifswald I,13,241066.0,241066.0,168922.0,168922.0,2769.0,3143.0,166153.0,165779.0,33903.0,30910.0,40429.0,41583.0,33025.0,31303.0,11005.0,13776.0,22767.0,18857.0,12199.0,14654.0,,,1835.0,1975.0
15,16,Mecklenburgische Seenplatte I – Vorpommern-Greifswald II,13,221421.0,221421.0,154240.0,154240.0,3572.0,3202.0,150668.0,151038.0,31182.0,28684.0,37392.0,40339.0,36597.0,35102.0,11165.0,11438.0,16202.0,15370.0,6112.0,6616.0,,,2468.0,2183.0
16,17,Mecklenburgische Seenplatte II – Landkreis Rostock III,13,209348.0,209348.0,143622.0,143622.0,3021.0,2824.0,140601.0,140798.0,29950.0,26402.0,43730.0,42049.0,30320.0,29421.0,9825.0,10609.0,14494.0,14434.0,7573.0,7179.0,,,4264.0,2455.0
17,18,Hamburg-Mitte,2,242078.0,242078.0,179637.0,179637.0,1439.0,1082.0,178198.0,178555.0,23231.0,19982.0,59229.0,51170.0,8664.0,9100.0,14424.0,18723.0,16195.0,15593.0,46326.0,49791.0,,,1340.0,974.0
18,19,Hamburg-Altona,2,187705.0,187705.0,152720.0,152720.0,837.0,625.0,151883.0,152095.0,25441.0,22478.0,43427.0,38865.0,5191.0,5036.0,12380.0,16543.0,14716.0,13667.0,45063.0,46162.0,,,756.0,524.0
19,20,Hamburg-Eimsbüttel,2,193823.0,193823.0,160970.0,160970.0,931.0,605.0,160039.0,160365.0,27462.0,23843.0,47375.0,44911.0,5450.0,5662.0,12957.0,18190.0,11351.0,10847.0,47734.0,47983.0,,,998.0,761.0
20,21,Hamburg-Nord,2,219909.0,219909.0,185457.0,185457.0,1234.0,766.0,184223.0,184691.0,43870.0,34387.0,56594.0,51575.0,6259.0,6811.0,15786.0,26247.0,9095.0,8741.0,47375.0,46531.0,,,1540.0,939.0
21,22,Hamburg-Wandsbek,2,233483.0,233483.0,174014.0,174014.0,1678.0,1193.0,172336.0,172821.0,33085.0,29103.0,66616.0,59298.0,11490.0,11290.0,15755.0,19225.0,10629.0,8852.0,26599.0,32134.0,,,,1084.0
22,23,Hamburg-Bergedorf – Harburg,2,221794.0,221794.0,158246.0,158246.0,1601.0,1229.0,156645.0,157017.0,26483.0,25427.0,61590.0,52523.0,12774.0,12638.0,13301.0,15674.0,10521.0,9878.0,24231.0,27931.0,,,2109.0,1319.0
23,24,Aurich – Emden,3,191846.0,191846.0,137847.0,137847.0,2286.0,1653.0,135561.0,136194.0,24019.0,24066.0,71596.0,59038.0,,11173.0,11798.0,12113.0,4861.0,4671.0,12652.0,17668.0,,,4205.0,1769.0
24,25,Unterems,3,238506.0,238506.0,175826.0,175826.0,2079.0,1550.0,173747.0,174276.0,77143.0,52067.0,49440.0,59229.0,13584.0,14248.0,10763.0,17671.0,4358.0,4650.0,16434.0,18576.0,,,,856.0
25,26,Friesland – Wilhelmshaven – Wittmund,3,189047.0,189047.0,134164.0,134164.0,1188.0,1234.0,132976.0,132930.0,29286.0,28535.0,60392.0,50448.0,10227.0,10951.0,9502.0,13874.0,3460.0,4122.0,13504.0,17020.0,,,2611.0,1512.0
26,27,Oldenburg – Ammerland,3,228705.0,228705.0,173725.0,173725.0,1397.0,1175.0,172328.0,172550.0,34294.0,32100.0,65757.0,55231.0,8572.0,8903.0,12859.0,17674.0,10183.0,8344.0,35119.0,40919.0,,,1416.0,1041.0
27,28,Delmenhorst – Wesermarsch – Oldenburg-Land,3,226827.0,226827.0,163753.0,163753.0,1781.0,1595.0,161972.0,162158.0,40410.0,36649.0,59377.0,55621.0,11999.0,12987.0,17278.0,18571.0,4931.0,5046.0,21202.0,23973.0,,,2165.0,1555.0
28,29,Cuxhaven – Stade II,3,188602.0,188602.0,140739.0,140739.0,1067.0,1023.0,139672.0,139716.0,42085.0,36586.0,51417.0,48858.0,10227.0,11000.0,9622.0,14052.0,2694.0,3672.0,15389.0,17553.0,,,2102.0,1535.0
29,30,Stade I – Rotenburg II,3,198576.0,198576.0,151821.0,151821.0,1188.0,935.0,150633.0,150886.0,52069.0,39969.0,47763.0,48301.0,10735.0,11002.0,12019.0,16720.0,4340.0,4301.0,19923.0,22091.0,,,,1620.0
30,31,Mittelems,3,233253.0,233253.0,180543.0,180543.0,1330.0,1104.0,179213.0,179439.0,72523.0,60733.0,52309.0,55461.0,8993.0,9235.0,17466.0,21101.0,3996.0,3969.0,22562.0,22515.0,,,,723.0
31,32,Cloppenburg – Vechta,3,223948.0,223948.0,164507.0,164507.0,1321.0,1155.0,163186.0,163352.0,80134.0,62837.0,33825.0,40212.0,12674.0,12772.0,14397.0,19747.0,3542.0,3549.0,17366.0,18093.0,,,,792.0
32,33,Diepholz – Nienburg I,3,194371.0,194371.0,146954.0,146954.0,1460.0,982.0,145494.0,145972.0,49116.0,36915.0,46455.0,48196.0,9683.0,10372.0,13671.0,17628.0,4029.0,3920.0,19702.0,21139.0,,,,1322.0
33,34,Osterholz – Verden,3,197490.0,197490.0,151308.0,151308.0,1927.0,1089.0,149381.0,150219.0,50274.0,36183.0,48574.0,49430.0,,11329.0,13764.0,15653.0,6375.0,5253.0,21933.0,24183.0,,,4578.0,1494.0
34,35,Rotenburg I – Heidekreis,3,168927.0,168927.0,125100.0,125100.0,934.0,896.0,124166.0,124204.0,32720.0,31119.0,59131.0,43196.0,9182.0,9945.0,7354.0,12526.0,3010.0,3536.0,10035.0,16857.0,,,2734.0,1433.0
35,36,Harburg,3,201740.0,201740.0,161635.0,161635.0,1122.0,893.0,160513.0,160742.0,46711.0,39850.0,49773.0,46765.0,11007.0,11671.0,14395.0,20426.0,4230.0,4682.0,24120.0,26777.0,,,3515.0,2404.0
36,37,Lüchow-Dannenberg – Lüneburg,3,182673.0,182673.0,139183.0,139183.0,1546.0,1077.0,137637.0,138106.0,34287.0,29032.0,38784.0,41262.0,8603.0,9145.0,9513.0,13241.0,5378.0,6328.0,34606.0,30585.0,,,1561.0,1161.0
37,38,Osnabrück-Land,3,199960.0,199960.0,151837.0,151837.0,1251.0,1379.0,150586.0,150458.0,54535.0,42864.0,44709.0,48352.0,9418.0,10069.0,13006.0,16653.0,3596.0,3870.0,22011.0,22160.0,,,1262.0,824.0
38,39,Stadt Osnabrück,3,195467.0,195467.0,149541.0,149541.0,1335.0,1031.0,148206.0,148510.0,43316.0,34462.0,44876.0,44919.0,6695.0,6903.0,10090.0,14627.0,6977.0,6224.0,34140.0,34546.0,,,,543.0
39,40,Nienburg II – Schaumburg,3,193863.0,193863.0,142895.0,142895.0,1248.0,1103.0,141647.0,141792.0,43817.0,33968.0,50017.0,49553.0,11695.0,12434.0,8804.0,14213.0,3070.0,3842.0,18094.0,19968.0,,,1746.0,1335.0
40,41,Stadt Hannover I,3,176770.0,176770.0,128894.0,128894.0,1217.0,1308.0,127677.0,127586.0,27303.0,23410.0,44538.0,39511.0,7549.0,7677.0,9550.0,13282.0,4662.0,5768.0,27851.0,30360.0,,,847.0,691.0
41,42,Stadt Hannover II,3,190336.0,190336.0,143712.0,143712.0,1184.0,1262.0,142528.0,142450.0,26196.0,22537.0,46929.0,40116.0,6476.0,6753.0,9538.0,13288.0,7390.0,8831.0,37779.0,41976.0,,,875.0,698.0
42,43,Hannover-Land I,3,231250.0,231250.0,174581.0,174581.0,1464.0,1879.0,173117.0,172702.0,55185.0,44529.0,58297.0,55464.0,12942.0,13295.0,12557.0,19550.0,3981.0,4504.0,22490.0,26219.0,,,,1077.0
43,44,Celle – Uelzen,3,214482.0,214482.0,158022.0,158022.0,1388.0,1192.0,156634.0,156830.0,51504.0,40993.0,50635.0,48332.0,14498.0,14423.0,13412.0,17990.0,4357.0,4680.0,18773.0,21882.0,,,3399.0,1578.0
44,45,Gifhorn – Peine,3,219966.0,219966.0,166592.0,166592.0,1568.0,1762.0,165024.0,164830.0,40279.0,37839.0,72113.0,58846.0,15346.0,16048.0,10738.0,16238.0,3619.0,4147.0,15762.0,21960.0,,,2084.0,1627.0
45,46,Hameln-Pyrmont – Holzminden,3,184471.0,184471.0,132893.0,132893.0,1345.0,1284.0,131548.0,131609.0,33575.0,29809.0,56893.0,48438.0,11208.0,11590.0,9102.0,13624.0,3676.0,3734.0,13259.0,17274.0,,,1979.0,1122.0
46,47,Hannover-Land II,3,238323.0,238323.0,181202.0,181202.0,1654.0,2110.0,179548.0,179092.0,45721.0,40612.0,73088.0,62024.0,13377.0,13850.0,11883.0,18320.0,4095.0,4994.0,22283.0,29201.0,,,1978.0,1672.0
47,48,Hildesheim,3,215131.0,215131.0,161685.0,161685.0,1676.0,1907.0,160009.0,159778.0,41230.0,36504.0,61857.0,55439.0,11387.0,12161.0,11507.0,15397.0,5481.0,5308.0,22973.0,26565.0,,,1420.0,1054.0
48,49,Salzgitter – Wolfenbüttel,3,200922.0,200922.0,147218.0,147218.0,1794.0,1496.0,145424.0,145722.0,39541.0,33453.0,56157.0,53411.0,14331.0,14415.0,9544.0,13463.0,5675.0,4478.0,15353.0,18105.0,,,1651.0,1317.0
49,50,Braunschweig,3,187721.0,187721.0,140807.0,140807.0,1254.0,1513.0,139553.0,139294.0,31276.0,25929.0,51220.0,42377.0,8045.0,8238.0,9816.0,14046.0,5352.0,6355.0,28214.0,33401.0,,,1194.0,844.0
50,51,Helmstedt – Wolfsburg,3,180147.0,180147.0,130671.0,130671.0,1623.0,1467.0,129048.0,129204.0,34367.0,31827.0,54349.0,45414.0,12339.0,12241.0,9766.0,13073.0,3575.0,3496.0,11305.0,15481.0,,,2113.0,1128.0
51,52,Goslar – Northeim – Osterode,3,197519.0,197519.0,143611.0,143611.0,1544.0,1296.0,142067.0,142315.0,47196.0,33614.0,52129.0,53876.0,11240.0,11819.0,8827.0,14239.0,3835.0,4251.0,14954.0,17118.0,,,2031.0,1228.0
52,53,Göttingen,3,214542.0,214542.0,161876.0,161876.0,2399.0,1571.0,159477.0,160305.0,42958.0,34588.0,51385.0,51180.0,,9785.0,15261.0,15638.0,8057.0,8132.0,37060.0,32448.0,,,,1259.0
53,54,Bremen I,4,245384.0,245384.0,186308.0,186308.0,1337.0,1071.0,184971.0,185237.0,39440.0,32375.0,55934.0,53425.0,9099.0,9835.0,13929.0,18396.0,15306.0,15739.0,39721.0,44414.0,,,1853.0,1473.0
54,55,Bremen II – Bremerhaven,4,214365.0,214365.0,144123.0,144123.0,2037.0,1320.0,142086.0,142803.0,28552.0,24124.0,52498.0,49799.0,12466.0,12740.0,8469.0,12085.0,10617.0,9613.0,20769.0,24013.0,,,1799.0,1438.0
55,56,Prignitz – Ostprignitz-Ruppin – Havelland I,12,172726.0,172726.0,122512.0,122512.0,1675.0,1504.0,120837.0,121008.0,23433.0,19414.0,39853.0,41163.0,23799.0,23221.0,7355.0,9070.0,10845.0,9754.0,5623.0,7677.0,,,4549.0,3060.0
56,57,Uckermark – Barnim I,12,182836.0,182836.0,130965.0,130965.0,1815.0,1719.0,129150.0,129246.0,22991.0,19818.0,38247.0,40543.0,26163.0,25748.0,10964.0,10422.0,12316.0,11617.0,7528.0,9095.0,,,3811.0,3131.0
57,58,Oberhavel – Havelland II,12,249331.0,249331.0,195208.0,195208.0,2470.0,2120.0,192738.0,193088.0,39996.0,33377.0,50697.0,55193.0,30863.0,30793.0,17322.0,19802.0,15501.0,12665.0,19026.0,20663.0,,,8282.0,5142.0
58,59,Märkisch-Oderland – Barnim II,12,230391.0,230391.0,177065.0,177065.0,2856.0,2567.0,174209.0,174498.0,40804.0,26254.0,43117.0,48712.0,31929.0,31820.0,12270.0,14939.0,21700.0,18004.0,11742.0,13954.0,,,,6101.0
59,60,Brandenburg an der Havel – Potsdam-Mittelmark I – Havelland III – Teltow-Fläming I,12,202955.0,202955.0,147618.0,147618.0,2239.0,2039.0,145379.0,145579.0,29236.0,22274.0,46642.0,48423.0,23931.0,23845.0,9266.0,11934.0,12672.0,12019.0,9474.0,12211.0,,,5521.0,3853.0
60,61,Potsdam – Potsdam-Mittelmark II – Teltow-Fläming II,12,232797.0,232797.0,190547.0,190547.0,1702.0,1662.0,188845.0,188885.0,26050.0,26287.0,64271.0,50965.0,17302.0,18658.0,16872.0,20210.0,14701.0,19110.0,35452.0,35865.0,,,3439.0,3115.0
61,62,Dahme-Spreewald – Teltow-Fläming III – Oberspreewald-Lausitz I,12,252744.0,252744.0,194461.0,194461.0,2948.0,2731.0,191513.0,191730.0,38080.0,31299.0,50696.0,54650.0,33719.0,34411.0,15073.0,18893.0,17417.0,14955.0,13523.0,16156.0,,,8065.0,5883.0
62,63,Frankfurt (Oder) – Oder-Spree,12,191387.0,191387.0,142414.0,142414.0,1973.0,1824.0,140441.0,140590.0,22876.0,19890.0,39350.0,41414.0,30182.0,28338.0,9975.0,12439.0,15690.0,13436.0,8865.0,9992.0,,,5115.0,3749.0
63,64,Cottbus – Spree-Neiße,12,171267.0,171267.0,128323.0,128323.0,1960.0,1768.0,126363.0,126555.0,21072.0,17502.0,34882.0,36098.0,32530.0,30729.0,11400.0,13603.0,11156.0,9670.0,4662.0,6939.0,,,3375.0,2818.0
64,65,Elbe-Elster – Oberspreewald-Lausitz II,12,162410.0,162410.0,120351.0,120351.0,2068.0,1887.0,118283.0,118464.0,19130.0,17776.0,29998.0,33412.0,29560.0,29849.0,10597.0,11114.0,10630.0,8532.0,4110.0,4920.0,,,4872.0,3657.0
65,66,Altmark,15,159998.0,159998.0,108881.0,108881.0,1301.0,1137.0,107580.0,107744.0,23433.0,22567.0,29599.0,29537.0,20875.0,20629.0,9116.0,9396.0,11218.0,10381.0,4674.0,5834.0,,,5584.0,3286.0
66,67,Börde – Jerichower Land,15,215532.0,215532.0,148520.0,148520.0,1774.0,1557.0,146746.0,146963.0,36652.0,32720.0,38520.0,39043.0,29843.0,29604.0,11817.0,13589.0,12785.0,12426.0,6184.0,7267.0,,,3704.0,2737.0
67,68,Harz,15,207942.0,207942.0,138572.0,138572.0,1728.0,1522.0,136844.0,137050.0,37884.0,30508.0,34812.0,37330.0,24947.0,24790.0,10064.0,12532.0,14413.0,12700.0,6320.0,7495.0,,,4972.0,2840.0
68,69,Magdeburg,15,229198.0,229198.0,156789.0,156789.0,1497.0,1405.0,155292.0,155384.0,34177.0,28700.0,39233.0,41022.0,23398.0,23446.0,12139.0,14673.0,15137.0,16449.0,14381.0,16352.0,,,2430.0,2060.0
69,70,Dessau – Wittenberg,15,169749.0,169749.0,115204.0,115204.0,1385.0,1235.0,113819.0,113969.0,39042.0,26740.0,22178.0,29843.0,22002.0,21630.0,7591.0,10402.0,9003.0,9635.0,7632.0,6531.0,,,3530.0,2543.0
70,71,Anhalt,15,214563.0,214563.0,139289.0,139289.0,2093.0,1843.0,137196.0,137446.0,32295.0,29823.0,28386.0,33055.0,33225.0,31003.0,10637.0,12705.0,20246.0,14249.0,4587.0,5470.0,,,4845.0,2902.0
71,72,Halle,15,209765.0,209765.0,148576.0,148576.0,1505.0,1352.0,147071.0,147224.0,30499.0,26282.0,42335.0,34686.0,22517.0,21914.0,11867.0,15150.0,19247.0,17180.0,12521.0,19915.0,,,3129.0,2349.0
72,73,Burgenland – Saalekreis,15,184352.0,184352.0,125866.0,125866.0,1573.0,1287.0,124293.0,124579.0,32649.0,26535.0,27165.0,28460.0,32328.0,31000.0,11764.0,12785.0,12419.0,10630.0,4207.0,5002.0,,,,1629.0
73,74,Mansfeld,15,198676.0,198676.0,133064.0,133064.0,1727.0,1483.0,131337.0,131581.0,32732.0,28411.0,30969.0,32109.0,32930.0,31476.0,11089.0,12792.0,13108.0,11680.0,3820.0,4835.0,,,3958.0,2163.0
74,75,Berlin-Mitte,11,207483.0,207483.0,152506.0,152506.0,2296.0,2087.0,150210.0,150419.0,20002.0,16856.0,34072.0,32133.0,7597.0,7734.0,10038.0,13186.0,21291.0,20820.0,45870.0,46120.0,,,,848.0
75,76,Berlin-Pankow,11,235647.0,235647.0,184636.0,184636.0,2530.0,2252.0,182106.0,182384.0,23045.0,21285.0,39131.0,40174.0,16242.0,15962.0,12515.0,14650.0,29559.0,25176.0,46401.0,48131.0,,,2146.0,1882.0
76,77,Berlin-Reinickendorf,11,176585.0,176585.0,128577.0,128577.0,2951.0,2678.0,125626.0,125899.0,34233.0,30272.0,32445.0,31447.0,12249.0,12296.0,10927.0,13457.0,6107.0,5843.0,17621.0,19581.0,,,2601.0,1899.0
77,78,Berlin-Spandau – Charlottenburg Nord,11,180251.0,180251.0,126551.0,126551.0,3394.0,3022.0,123157.0,123529.0,28904.0,26266.0,40451.0,34233.0,12447.0,12783.0,10492.0,12491.0,6771.0,6353.0,14680.0,17963.0,,,,1122.0
78,79,Berlin-Steglitz-Zehlendorf,11,217814.0,217814.0,177241.0,177241.0,2421.0,2372.0,174820.0,174869.0,48959.0,39943.0,43465.0,42910.0,9221.0,9915.0,15967.0,22208.0,7455.0,8311.0,38873.0,39550.0,,,1430.0,1388.0
79,80,Berlin-Charlottenburg-Wilmersdorf,11,196800.0,196800.0,155726.0,155726.0,1920.0,1943.0,153806.0,153783.0,34308.0,29199.0,42934.0,36986.0,6539.0,7371.0,14982.0,20183.0,8802.0,9947.0,37531.0,40471.0,,,1434.0,1050.0
80,81,Berlin-Tempelhof-Schöneberg,11,231500.0,231500.0,178035.0,178035.0,2786.0,2898.0,175249.0,175137.0,38400.0,31883.0,47451.0,43381.0,10005.0,10907.0,12822.0,16679.0,10673.0,13160.0,44021.0,44209.0,,,1640.0,1519.0
81,82,Berlin-Neukölln,11,197037.0,197037.0,139712.0,139712.0,3167.0,2701.0,136545.0,137011.0,25577.0,22695.0,35530.0,33080.0,10153.0,10174.0,8635.0,9774.0,17898.0,16334.0,27104.0,31058.0,,,,1022.0
82,83,Berlin-Friedrichshain-Kreuzberg – Prenzlauer Berg Ost,11,220014.0,220014.0,172469.0,172469.0,2102.0,1828.0,170367.0,170641.0,13030.0,11910.0,29619.0,32745.0,6598.0,6988.0,9203.0,10819.0,30113.0,30881.0,64542.0,62710.0,,,,866.0
83,84,Berlin-Treptow-Köpenick,11,207127.0,207127.0,158748.0,158748.0,2509.0,2818.0,156239.0,155930.0,21142.0,20559.0,24133.0,36564.0,17817.0,19128.0,9235.0,12641.0,55372.0,24884.0,16137.0,25141.0,,,2421.0,2215.0
84,85,Berlin-Marzahn-Hellersdorf,11,197988.0,197988.0,137133.0,137133.0,2783.0,3017.0,134350.0,134116.0,39543.0,21954.0,19892.0,31463.0,20910.0,22596.0,6180.0,9804.0,29388.0,21280.0,8316.0,11487.0,,,,1369.0
85,86,Berlin-Lichtenberg,11,200673.0,200673.0,145569.0,145569.0,2772.0,2706.0,142797.0,142863.0,17695.0,16869.0,28040.0,33173.0,17356.0,17840.0,8682.0,10045.0,36813.0,26063.0,19485.0,22112.0,,,2491.0,1890.0
86,87,Aachen I,5,176306.0,176306.0,140020.0,140020.0,1107.0,727.0,138913.0,139293.0,35562.0,31772.0,33087.0,30588.0,5314.0,5427.0,10906.0,15032.0,6161.0,7453.0,41942.0,40421.0,,,849.0,531.0
87,88,Aachen II,5,226420.0,226420.0,170670.0,170670.0,1883.0,1583.0,168787.0,169087.0,54808.0,49838.0,58189.0,53408.0,12632.0,12409.0,12055.0,17892.0,4496.0,5259.0,19976.0,19918.0,,,2034.0,1131.0
88,89,Heinsberg,5,192346.0,192346.0,145368.0,145368.0,1649.0,1397.0,143719.0,143971.0,57095.0,46466.0,37249.0,38822.0,10965.0,11359.0,10691.0,16023.0,3608.0,4529.0,15368.0,16858.0,,,2288.0,1375.0
89,90,Düren,5,199656.0,199656.0,153645.0,153645.0,1707.0,1516.0,151938.0,152129.0,55719.0,46217.0,46734.0,44058.0,12947.0,13171.0,11237.0,17104.0,3449.0,4570.0,14174.0,16951.0,,,2196.0,1296.0
90,91,Rhein-Erft-Kreis I,5,249035.0,249035.0,194862.0,194862.0,1909.0,1461.0,192953.0,193401.0,63635.0,55068.0,58858.0,54714.0,13537.0,13417.0,17542.0,24227.0,5889.0,5682.0,25409.0,27566.0,,,2132.0,1439.0
91,92,Euskirchen – Rhein-Erft-Kreis II,5,249198.0,249198.0,192814.0,192814.0,2031.0,1540.0,190783.0,191274.0,65981.0,58081.0,50892.0,50949.0,14999.0,14894.0,19805.0,23314.0,4993.0,5730.0,25005.0,26161.0,,,2724.0,1628.0
92,93,Köln I,5,190630.0,190630.0,140901.0,140901.0,1097.0,821.0,139804.0,140080.0,31636.0,27695.0,38985.0,36933.0,8789.0,8363.0,11490.0,15040.0,7213.0,8267.0,33405.0,33501.0,,,1108.0,753.0
93,94,Köln II,5,242483.0,242483.0,204955.0,204955.0,972.0,622.0,203983.0,204333.0,50918.0,41834.0,40103.0,43193.0,5587.0,5891.0,16950.0,26470.0,8771.0,10399.0,70658.0,65240.0,,,1369.0,792.0
94,95,Köln III,5,204539.0,204539.0,155242.0,155242.0,1107.0,840.0,154135.0,154402.0,28674.0,27485.0,46149.0,39901.0,8015.0,7876.0,10708.0,13845.0,8435.0,9903.0,43600.0,44407.0,,,1100.0,684.0
95,96,Bonn,5,230215.0,230215.0,185557.0,185557.0,1447.0,1113.0,184110.0,184444.0,44872.0,41551.0,46251.0,41641.0,7448.0,7750.0,23198.0,21902.0,6675.0,10026.0,46467.0,50174.0,,,1183.0,897.0
96,97,Rhein-Sieg-Kreis I,5,238627.0,238627.0,188217.0,188217.0,1751.0,1393.0,186466.0,186824.0,60776.0,51474.0,53213.0,49529.0,13045.0,13604.0,16604.0,23122.0,6242.0,6353.0,26270.0,29305.0,,,1929.0,1392.0
97,98,Rhein-Sieg-Kreis II,5,216063.0,216063.0,176637.0,176637.0,1317.0,1216.0,175320.0,175421.0,70144.0,51795.0,41004.0,41753.0,10385.0,10551.0,13914.0,23435.0,4607.0,5687.0,26956.0,31027.0,,,1697.0,1303.0
98,99,Oberbergischer Kreis,5,206640.0,206640.0,160146.0,160146.0,1639.0,1472.0,158507.0,158674.0,53757.0,44018.0,42461.0,42413.0,15071.0,15211.0,15636.0,19796.0,4587.0,5153.0,19015.0,19959.0,,,2246.0,1434.0
99,100,Rheinisch-Bergischer Kreis,5,217193.0,217193.0,176933.0,176933.0,1349.0,1037.0,175584.0,175896.0,52714.0,48224.0,39827.0,44429.0,9518.0,10051.0,29576.0,24373.0,4845.0,5222.0,31626.0,32285.0,,,3632.0,1697.0
100,101,Leverkusen – Köln IV,5,209102.0,209102.0,154163.0,154163.0,1403.0,1163.0,152760.0,153000.0,31197.0,33246.0,69662.0,44586.0,10797.0,10966.0,11050.0,15931.0,5657.0,7318.0,17290.0,29329.0,,,1479.0,918.0
101,102,Wuppertal I,5,202528.0,202528.0,146699.0,146699.0,1741.0,1300.0,144958.0,145399.0,31960.0,30527.0,54065.0,42421.0,11995.0,12090.0,13756.0,15970.0,6742.0,8055.0,18932.0,25388.0,,,1544.0,964.0
102,103,Solingen – Remscheid – Wuppertal II,5,220204.0,220204.0,163495.0,163495.0,1526.0,1277.0,161969.0,162218.0,44778.0,39413.0,52852.0,48196.0,12335.0,12506.0,17406.0,20256.0,5099.0,6076.0,20967.0,24296.0,,,1662.0,1086.0
103,104,Mettmann I,5,203030.0,203030.0,159457.0,159457.0,1561.0,1149.0,157896.0,158308.0,47326.0,43354.0,39326.0,42385.0,10704.0,10658.0,14873.0,21083.0,4252.0,4956.0,36095.0,25430.0,,,1818.0,1117.0
104,105,Mettmann II,5,160175.0,160175.0,123769.0,123769.0,1172.0,877.0,122597.0,122892.0,38429.0,33254.0,37635.0,34409.0,8894.0,9104.0,11158.0,16235.0,3395.0,3887.0,17730.0,18112.0,,,1166.0,759.0
105,106,Düsseldorf I,5,220827.0,220827.0,175110.0,175110.0,1162.0,807.0,173948.0,174303.0,54158.0,44892.0,38955.0,38195.0,7002.0,7495.0,24242.0,27743.0,5094.0,6741.0,36926.0,39452.0,,,1089.0,851.0
106,107,Düsseldorf II,5,190102.0,190102.0,142287.0,142287.0,1153.0,855.0,141134.0,141432.0,34801.0,31639.0,41169.0,35671.0,8214.0,8503.0,14143.0,17335.0,5418.0,6931.0,30201.0,31524.0,,,1307.0,859.0
107,108,Neuss I,5,213250.0,213250.0,162167.0,162167.0,1605.0,1201.0,160562.0,160966.0,57445.0,48166.0,51391.0,43760.0,10801.0,11298.0,12932.0,20333.0,4153.0,4771.0,18051.0,21951.0,,,,861.0
108,109,Mönchengladbach,5,185185.0,185185.0,129646.0,129646.0,1707.0,1241.0,127939.0,128405.0,45550.0,36555.0,37548.0,34877.0,9915.0,9641.0,10957.0,15459.0,,4927.0,17302.0,18166.0,,,1422.0,850.0
109,110,Krefeld I – Neuss II,5,200048.0,200048.0,155726.0,155726.0,1520.0,1132.0,154206.0,154594.0,51500.0,45635.0,39253.0,39407.0,9150.0,9342.0,18781.0,22069.0,4319.0,4680.0,24383.0,24014.0,,,1980.0,981.0
110,111,Viersen,5,227166.0,227166.0,175085.0,175085.0,1740.0,1333.0,173345.0,173752.0,62123.0,52896.0,47806.0,46375.0,10312.0,10357.0,15140.0,22281.0,5558.0,5203.0,24394.0,25673.0,,,2253.0,1327.0
111,112,Kleve,5,225463.0,225463.0,171093.0,171093.0,1628.0,1326.0,169465.0,169767.0,63701.0,54793.0,48142.0,47837.0,9788.0,9632.0,14821.0,19542.0,4235.0,4728.0,23477.0,23587.0,,,3409.0,1488.0
112,113,Wesel I,5,206270.0,206270.0,160625.0,160625.0,1460.0,1128.0,159165.0,159497.0,47448.0,42544.0,54488.0,53277.0,10842.0,10994.0,14452.0,17302.0,4598.0,5103.0,19928.0,20629.0,,,1376.0,966.0
113,114,Krefeld II – Wesel II,5,175852.0,175852.0,131664.0,131664.0,1378.0,1048.0,130286.0,130616.0,37033.0,32316.0,45852.0,41476.0,9077.0,9189.0,10954.0,14899.0,4100.0,4703.0,17398.0,19539.0,,,1186.0,818.0
114,115,Duisburg I,5,163394.0,163394.0,118600.0,118600.0,1320.0,1006.0,117280.0,117594.0,24299.0,23166.0,47314.0,41308.0,11101.0,9802.0,8203.0,10593.0,5500.0,5580.0,16777.0,17912.0,,,1470.0,780.0
115,116,Duisburg II,5,155265.0,155265.0,98339.0,98339.0,1530.0,1173.0,96809.0,97166.0,19404.0,18168.0,38162.0,35842.0,13361.0,11834.0,6901.0,7913.0,4889.0,4508.0,10518.0,10287.0,,,1263.0,674.0
116,117,Oberhausen – Wesel III,5,199156.0,199156.0,145232.0,145232.0,1478.0,1216.0,143754.0,144016.0,32277.0,30770.0,55790.0,53034.0,13601.0,13099.0,10132.0,13573.0,4908.0,5613.0,17171.0,17945.0,,,1378.0,847.0
117,118,Mülheim – Essen I,5,182895.0,182895.0,139658.0,139658.0,1503.0,1069.0,138155.0,138589.0,33090.0,32698.0,50168.0,46084.0,11704.0,11135.0,11884.0,15188.0,3663.0,4494.0,19547.0,20232.0,,,1105.0,677.0
118,119,Essen II,5,156298.0,156298.0,105472.0,105472.0,1274.0,1063.0,104198.0,104409.0,23735.0,21039.0,39410.0,35363.0,12015.0,11521.0,6976.0,9531.0,4325.0,4525.0,12647.0,13971.0,,,1202.0,639.0
119,120,Essen III,5,190335.0,190335.0,152860.0,152860.0,1013.0,797.0,151847.0,152063.0,46635.0,37053.0,45612.0,42629.0,8225.0,8398.0,10871.0,17995.0,5030.0,6117.0,28745.0,30764.0,,,1685.0,845.0
120,121,Recklinghausen I,5,165193.0,165193.0,121640.0,121640.0,1121.0,903.0,120519.0,120737.0,30845.0,27988.0,49437.0,42552.0,11087.0,10927.0,8481.0,11989.0,3605.0,4239.0,12833.0,15180.0,,,,594.0
121,122,Recklinghausen II,5,186413.0,186413.0,137841.0,137841.0,1467.0,1103.0,136374.0,136738.0,38325.0,33610.0,51050.0,48563.0,13108.0,12522.0,11283.0,13571.0,3881.0,4084.0,14836.0,15627.0,,,,634.0
122,123,Gelsenkirchen,5,168496.0,168496.0,112317.0,112317.0,1233.0,1033.0,111084.0,111284.0,21954.0,22091.0,44965.0,41326.0,15555.0,14204.0,9014.0,9721.0,3559.0,3853.0,11286.0,11170.0,,,1054.0,723.0
123,124,Steinfurt I – Borken I,5,202388.0,202388.0,156894.0,156894.0,1176.0,975.0,155718.0,155919.0,62322.0,52625.0,44047.0,44788.0,8482.0,8385.0,14515.0,17783.0,3699.0,4469.0,18743.0,20525.0,,,1473.0,937.0
124,125,Bottrop – Recklinghausen III,5,199344.0,199344.0,148734.0,148734.0,1378.0,1111.0,147356.0,147623.0,39834.0,36814.0,57560.0,51637.0,14075.0,13899.0,11352.0,14647.0,3887.0,4484.0,15144.0,16434.0,,,,661.0
125,126,Borken II,5,201103.0,201103.0,162159.0,162159.0,1260.0,883.0,160899.0,161276.0,70334.0,59102.0,40851.0,42303.0,7909.0,7724.0,13404.0,19081.0,3928.0,3914.0,20028.0,21738.0,,,1650.0,1056.0
126,127,Coesfeld – Steinfurt II,5,194695.0,194695.0,161064.0,161064.0,1118.0,882.0,159946.0,160182.0,65402.0,55230.0,40145.0,42647.0,7241.0,7339.0,12409.0,17927.0,4242.0,4093.0,27069.0,25506.0,,,1858.0,998.0
127,128,Steinfurt III,5,195513.0,195513.0,155635.0,155635.0,1292.0,1103.0,154343.0,154532.0,52445.0,42528.0,48068.0,50555.0,8785.0,9253.0,11394.0,16113.0,4611.0,4723.0,23978.0,23996.0,,,986.0,813.0
128,129,Münster,5,233953.0,233953.0,196276.0,196276.0,981.0,820.0,195295.0,195456.0,51096.0,43790.0,47047.0,45844.0,5234.0,5603.0,13038.0,20786.0,7078.0,9746.0,63160.0,60036.0,,,966.0,691.0
129,130,Warendorf,5,208754.0,208754.0,165808.0,165808.0,1443.0,1186.0,164365.0,164622.0,59631.0,51722.0,50685.0,47648.0,10211.0,10533.0,12768.0,18193.0,4074.0,4525.0,21245.0,23309.0,,,,1014.0
130,131,Gütersloh I,5,234177.0,234177.0,179726.0,179726.0,1604.0,1378.0,178122.0,178348.0,71185.0,52421.0,45878.0,47371.0,12812.0,13299.0,13507.0,21211.0,4284.0,5173.0,22851.0,28308.0,,,2083.0,1441.0
131,132,Bielefeld – Gütersloh II,5,243059.0,243059.0,185345.0,185345.0,1481.0,1182.0,183864.0,184163.0,40928.0,37355.0,55234.0,50009.0,12294.0,12448.0,17793.0,20658.0,9905.0,11462.0,40015.0,40161.0,,,,697.0
132,133,Herford – Minden-Lübbecke II,5,226894.0,226894.0,170464.0,170464.0,1646.0,1408.0,168818.0,169056.0,45138.0,39769.0,61554.0,53359.0,15855.0,16144.0,14021.0,19884.0,5332.0,6038.0,18090.0,22732.0,,,1967.0,1352.0
133,134,Minden-Lübbecke I,5,201888.0,201888.0,152935.0,152935.0,1419.0,1363.0,151516.0,151572.0,39679.0,35814.0,58168.0,49351.0,13445.0,13892.0,12494.0,17486.0,3940.0,4857.0,15886.0,19762.0,,,2098.0,1378.0
134,135,Lippe I,5,224415.0,224415.0,172402.0,172402.0,1897.0,1531.0,170505.0,170871.0,44650.0,39001.0,52359.0,53130.0,16221.0,16789.0,16648.0,20221.0,5283.0,6414.0,26932.0,23276.0,,,2171.0,1348.0
135,136,Höxter – Gütersloh III – Lippe II,5,172435.0,172435.0,134346.0,134346.0,1416.0,1258.0,132930.0,133088.0,53294.0,43265.0,37210.0,36253.0,11244.0,11533.0,9462.0,15488.0,3345.0,3762.0,12685.0,14717.0,,,1529.0,1024.0
136,137,Paderborn,5,231534.0,231534.0,178377.0,178377.0,1540.0,1395.0,176837.0,176982.0,84669.0,58419.0,33513.0,39089.0,13152.0,14360.0,9845.0,21877.0,5532.0,5858.0,22926.0,26981.0,,,1443.0,1137.0
137,138,Hagen – Ennepe-Ruhr-Kreis I,5,201594.0,201594.0,144751.0,144751.0,1651.0,1142.0,143100.0,143609.0,37718.0,34210.0,47581.0,47400.0,14419.0,13760.0,13531.0,16179.0,4552.0,4857.0,17954.0,17237.0,,,2122.0,1031.0
138,139,Ennepe-Ruhr-Kreis II,5,175283.0,175283.0,136706.0,136706.0,1252.0,1006.0,135454.0,135700.0,33357.0,29855.0,47993.0,45664.0,9731.0,9654.0,11530.0,14432.0,3715.0,5029.0,21734.0,21941.0,,,1466.0,843.0
139,140,Bochum I,5,202393.0,202393.0,154691.0,154691.0,2624.0,1103.0,152067.0,153588.0,32962.0,29811.0,58235.0,50162.0,,10232.0,13657.0,14583.0,9361.0,8225.0,28288.0,30795.0,,,,636.0
140,141,Herne – Bochum II,5,173939.0,173939.0,123045.0,123045.0,1535.0,1204.0,121510.0,121841.0,24027.0,23164.0,52792.0,46578.0,11863.0,11882.0,8455.0,10623.0,4667.0,5029.0,14262.0,15383.0,,,1423.0,818.0
141,142,Dortmund I,5,206727.0,206727.0,155814.0,155814.0,1098.0,940.0,154716.0,154874.0,30051.0,27797.0,51037.0,50117.0,10577.0,10746.0,10416.0,14550.0,5908.0,7566.0,26308.0,31867.0,,,935.0,758.0
142,143,Dortmund II,5,199317.0,199317.0,143855.0,143855.0,1298.0,1065.0,142557.0,142790.0,28897.0,27650.0,55695.0,51080.0,11816.0,11290.0,10270.0,13629.0,5823.0,6361.0,21028.0,21714.0,,,1318.0,839.0
143,144,Unna I,5,194493.0,194493.0,148083.0,148083.0,1322.0,1147.0,146761.0,146936.0,36810.0,31995.0,59869.0,53490.0,11736.0,11428.0,9137.0,15286.0,4731.0,5154.0,20340.0,20022.0,,,1967.0,1088.0
144,145,Hamm – Unna II,5,231226.0,231226.0,168760.0,168760.0,1708.0,1332.0,167052.0,167428.0,44266.0,40444.0,67774.0,59227.0,15562.0,15497.0,12058.0,16764.0,6285.0,5694.0,16958.0,19149.0,,,2610.0,1242.0
145,146,Soest,5,231811.0,231811.0,179003.0,179003.0,1554.0,1174.0,177449.0,177829.0,58791.0,51697.0,54614.0,51061.0,13992.0,14206.0,17826.0,21005.0,5548.0,5520.0,22154.0,24089.0,,,2017.0,1176.0
146,147,Hochsauerlandkreis,5,200496.0,200496.0,156518.0,156518.0,1101.0,1024.0,155417.0,155494.0,62810.0,52017.0,50056.0,44640.0,10068.0,11532.0,10806.0,18712.0,2685.0,3989.0,12478.0,15473.0,,,2224.0,1583.0
147,148,Siegen-Wittgenstein,5,207672.0,207672.0,162162.0,162162.0,1336.0,1164.0,160826.0,160998.0,54042.0,42161.0,48897.0,50327.0,14424.0,14709.0,13586.0,18597.0,4900.0,5726.0,16624.0,17842.0,,,1868.0,1340.0
148,149,Olpe – Märkischer Kreis I,5,203350.0,203350.0,154830.0,154830.0,1446.0,1159.0,153384.0,153671.0,56879.0,50364.0,45366.0,42362.0,13104.0,13100.0,15944.0,19227.0,3935.0,4150.0,13645.0,15243.0,,,2269.0,1251.0
149,150,Märkischer Kreis II,5,195816.0,195816.0,143689.0,143689.0,1229.0,1081.0,142460.0,142608.0,47937.0,40368.0,43346.0,42230.0,12933.0,13082.0,12749.0,17125.0,4668.0,4804.0,12866.0,14880.0,,,2004.0,1228.0
150,151,Nordsachsen,14,161279.0,161279.0,119206.0,119206.0,1541.0,1449.0,117665.0,117757.0,26883.0,23000.0,22257.0,24732.0,32702.0,32066.0,10251.0,12476.0,9446.0,8868.0,5883.0,5462.0,,,4707.0,3346.0
151,152,Leipzig I,14,224100.0,224100.0,167696.0,167696.0,1569.0,1277.0,166127.0,166419.0,34107.0,24953.0,33588.0,34748.0,26450.0,25891.0,13397.0,17660.0,25436.0,20884.0,19778.0,25848.0,,,3296.0,2645.0
152,153,Leipzig II,14,231178.0,231178.0,180880.0,180880.0,1421.0,1043.0,179459.0,179837.0,29538.0,23561.0,29731.0,37634.0,20667.0,20213.0,13271.0,17439.0,40938.0,26472.0,32995.0,38264.0,,,2591.0,2188.0
153,154,Leipzig-Land,14,212853.0,212853.0,162283.0,162283.0,2042.0,1836.0,160241.0,160447.0,39066.0,32711.0,31989.0,34104.0,39348.0,38458.0,15698.0,18322.0,12672.0,12362.0,8056.0,9381.0,,,6081.0,3973.0
154,155,Meißen,14,197004.0,197004.0,149341.0,149341.0,1904.0,1747.0,147437.0,147594.0,32924.0,25912.0,22771.0,26045.0,45705.0,43940.0,13727.0,17212.0,10344.0,10725.0,7590.0,8872.0,,,7271.0,4312.0
155,156,Bautzen I,14,206895.0,206895.0,159233.0,159233.0,2098.0,2145.0,157135.0,157088.0,40929.0,29213.0,21006.0,26674.0,52492.0,50050.0,12634.0,17187.0,14134.0,12272.0,4090.0,6247.0,,,5341.0,4157.0
156,157,Görlitz,14,204105.0,204105.0,153057.0,153057.0,2234.0,2064.0,150823.0,150993.0,39299.0,27630.0,18928.0,25441.0,53970.0,49123.0,11222.0,15039.0,11835.0,11327.0,6182.0,7358.0,,,4588.0,3645.0
157,158,Sächsische Schweiz-Osterzgebirge,14,199703.0,199703.0,154159.0,154159.0,2120.0,2005.0,152039.0,152154.0,29176.0,26028.0,17505.0,23545.0,50203.0,48580.0,12920.0,17814.0,15215.0,11653.0,6830.0,8023.0,,,8450.0,5039.0
158,159,Dresden I,14,228643.0,228643.0,181120.0,181120.0,1577.0,1394.0,179543.0,179726.0,37811.0,27710.0,26271.0,34125.0,33780.0,32122.0,18588.0,21989.0,33872.0,18910.0,17137.0,27369.0,,,,2967.0
159,160,Dresden II – Bautzen II,14,234432.0,234432.0,189409.0,189409.0,1649.0,1404.0,187760.0,188005.0,35014.0,26037.0,28700.0,30620.0,34979.0,36003.0,20711.0,22884.0,22160.0,20913.0,25527.0,31265.0,,,3309.0,3464.0
160,161,Mittelsachsen,14,193828.0,193828.0,147733.0,147733.0,2005.0,1741.0,145728.0,145992.0,34638.0,25603.0,25727.0,27000.0,48725.0,43821.0,14420.0,16897.0,12164.0,11687.0,5398.0,6822.0,,,,3206.0
161,162,Chemnitz,14,188691.0,188691.0,140700.0,140700.0,1371.0,1121.0,139329.0,139579.0,25801.0,20713.0,34958.0,32616.0,30502.0,30089.0,13934.0,15781.0,15229.0,15008.0,9934.0,12680.0,,,,1997.0
162,163,Chemnitzer Umland – Erzgebirgskreis II,14,177211.0,177211.0,137423.0,137423.0,1664.0,1441.0,135759.0,135982.0,32111.0,24662.0,23181.0,27518.0,39264.0,37181.0,11872.0,15117.0,11330.0,11166.0,5617.0,6138.0,,,6642.0,4477.0
163,164,Erzgebirgskreis I,14,210941.0,210941.0,161756.0,161756.0,2261.0,2121.0,159495.0,159635.0,40550.0,31340.0,23650.0,28848.0,50571.0,48794.0,11914.0,16210.0,12787.0,12078.0,4001.0,5194.0,,,8210.0,5079.0
164,165,Zwickau,14,197831.0,197831.0,147142.0,147142.0,1854.0,1596.0,145288.0,145546.0,30798.0,27024.0,24094.0,30718.0,37135.0,36601.0,13991.0,15431.0,22583.0,13629.0,5988.0,7134.0,,,6105.0,4004.0
165,166,Vogtlandkreis,14,184973.0,184973.0,137816.0,137816.0,2065.0,1673.0,135751.0,136143.0,37637.0,26782.0,26413.0,30436.0,36388.0,34112.0,11512.0,13708.0,12655.0,12058.0,6378.0,6263.0,,,,2155.0
166,167,Waldeck,6,184073.0,184073.0,138130.0,138130.0,2140.0,2087.0,135990.0,136043.0,35734.0,30392.0,51613.0,49064.0,12536.0,12899.0,12062.0,15288.0,4208.0,4441.0,13581.0,14775.0,,,3763.0,2791.0
167,168,Kassel,6,218474.0,218474.0,162809.0,162809.0,2213.0,1980.0,160596.0,160829.0,32765.0,28183.0,57919.0,51812.0,11348.0,12141.0,12966.0,16448.0,9357.0,10518.0,27744.0,30348.0,,,2563.0,1824.0
168,169,Werra-Meißner – Hersfeld-Rotenburg,6,171886.0,171886.0,130905.0,130905.0,1865.0,1879.0,129040.0,129026.0,34527.0,27867.0,56383.0,48579.0,14204.0,14899.0,7135.0,12807.0,3890.0,4524.0,8032.0,11595.0,,,3160.0,2734.0
169,170,Schwalm-Eder,6,185944.0,185944.0,141494.0,141494.0,2240.0,2323.0,139254.0,139171.0,33443.0,29913.0,54792.0,50100.0,14380.0,15047.0,12234.0,15422.0,3761.0,4411.0,12360.0,14089.0,,,4112.0,3440.0
170,171,Marburg,6,181588.0,181588.0,141581.0,141581.0,1503.0,1312.0,140078.0,140269.0,36528.0,31042.0,51630.0,42098.0,12591.0,12558.0,9334.0,14789.0,6588.0,8089.0,18709.0,22347.0,,,2178.0,1767.0
171,172,Lahn-Dill,6,206532.0,206532.0,153384.0,153384.0,2339.0,1984.0,151045.0,151400.0,45441.0,37725.0,49923.0,44546.0,15816.0,17513.0,12060.0,17327.0,4756.0,5102.0,13754.0,16957.0,,,4579.0,3051.0
172,173,Gießen,6,217514.0,217514.0,161919.0,161919.0,2144.0,2217.0,159775.0,159702.0,47283.0,36201.0,48514.0,44046.0,14496.0,14836.0,12109.0,17106.0,6339.0,8028.0,21249.0,26109.0,,,4595.0,3697.0
173,174,Fulda,6,208542.0,208542.0,163560.0,163560.0,1895.0,1856.0,161665.0,161704.0,61573.0,50312.0,35168.0,36343.0,24508.0,21443.0,13894.0,20528.0,4648.0,4447.0,13833.0,16324.0,,,4442.0,3136.0
174,175,Main-Kinzig – Wetterau II – Schotten,6,178307.0,178307.0,137070.0,137070.0,2186.0,2033.0,134884.0,135037.0,37118.0,32685.0,41160.0,36943.0,17586.0,17079.0,15098.0,17046.0,4078.0,4308.0,12691.0,15009.0,,,4939.0,3435.0
175,176,Hochtaunus,6,179842.0,179842.0,144012.0,144012.0,1556.0,1330.0,142456.0,142682.0,44549.0,37331.0,38424.0,35171.0,10709.0,11156.0,16132.0,21996.0,3772.0,4441.0,21769.0,22486.0,,,3369.0,2246.0
176,177,Wetterau I,6,176897.0,176897.0,138935.0,138935.0,2010.0,1678.0,136925.0,137257.0,38807.0,32419.0,40618.0,35909.0,11318.0,11680.0,15000.0,19043.0,3904.0,4905.0,18996.0,21917.0,,,4238.0,2812.0
177,178,Rheingau-Taunus – Limburg,6,220466.0,220466.0,172247.0,172247.0,2267.0,1765.0,169980.0,170482.0,51318.0,44413.0,48441.0,43708.0,13547.0,14523.0,18126.0,23745.0,4563.0,5395.0,24418.0,25328.0,,,6103.0,3466.0
178,179,Wiesbaden,6,186735.0,186735.0,136214.0,136214.0,1607.0,1348.0,134607.0,134866.0,35375.0,28523.0,34750.0,33546.0,9192.0,9588.0,13995.0,18947.0,6652.0,7128.0,25811.0,26818.0,,,1602.0,1411.0
179,180,Hanau,6,176271.0,176271.0,131412.0,131412.0,2036.0,1760.0,129376.0,129652.0,36019.0,29223.0,40291.0,35739.0,13364.0,13257.0,13106.0,17158.0,4462.0,4948.0,15995.0,18258.0,,,3308.0,2180.0
180,181,Main-Taunus,6,195514.0,195514.0,157718.0,157718.0,1782.0,1437.0,155936.0,156281.0,51985.0,42260.0,35493.0,34468.0,10588.0,10427.0,20295.0,26335.0,4272.0,4708.0,26373.0,26771.0,,,4179.0,2471.0
181,182,Frankfurt am Main I,6,201216.0,201216.0,145010.0,145010.0,1507.0,1247.0,143503.0,143763.0,31163.0,25915.0,41604.0,32499.0,7909.0,7846.0,16369.0,21361.0,12562.0,10384.0,26922.0,33821.0,,,2094.0,1184.0
182,183,Frankfurt am Main II,6,227207.0,227207.0,175004.0,175004.0,1752.0,1353.0,173252.0,173651.0,38995.0,31660.0,40431.0,38777.0,7990.0,8188.0,19766.0,25530.0,10629.0,11901.0,50230.0,44370.0,,,2478.0,1512.0
183,184,Groß-Gerau,6,174082.0,174082.0,129261.0,129261.0,1925.0,1677.0,127336.0,127584.0,35334.0,27301.0,42598.0,37973.0,10880.0,11246.0,10726.0,14999.0,5047.0,5394.0,14890.0,18928.0,,,3470.0,2478.0
184,185,Offenbach,6,219511.0,219511.0,158052.0,158052.0,2331.0,2238.0,155721.0,155814.0,43347.0,35754.0,41035.0,38799.0,11851.0,12098.0,14828.0,20625.0,7497.0,7787.0,26229.0,27062.0,,,3733.0,2336.0
185,186,Darmstadt,6,240763.0,240763.0,188916.0,188916.0,2462.0,1888.0,186454.0,187028.0,42351.0,34472.0,51046.0,49273.0,11210.0,12194.0,17192.0,22256.0,9332.0,10764.0,44364.0,41948.0,,,3237.0,2139.0
186,187,Odenwald,6,233901.0,233901.0,179830.0,179830.0,3020.0,2704.0,176810.0,177126.0,49367.0,42857.0,57172.0,49518.0,14963.0,15983.0,17110.0,22433.0,5991.0,6333.0,21630.0,24694.0,,,5003.0,3322.0
187,188,Bergstraße,6,197782.0,197782.0,153176.0,153176.0,1926.0,1733.0,151250.0,151443.0,46125.0,37064.0,41124.0,41124.0,14351.0,14377.0,16175.0,20432.0,4149.0,4629.0,20955.0,21457.0,,,4287.0,2723.0
188,189,Eichsfeld – Nordhausen – Kyffhäuserkreis,16,209203.0,209203.0,154488.0,154488.0,1998.0,1810.0,152490.0,152678.0,40599.0,33662.0,34010.0,37282.0,34645.0,34296.0,10348.0,13695.0,16586.0,15166.0,5901.0,7176.0,,,3981.0,2826.0
189,190,Eisenach – Wartburgkreis – Unstrut-Hainich-Kreis,16,212267.0,212267.0,156113.0,156113.0,2105.0,1892.0,154008.0,154221.0,35415.0,28249.0,36729.0,38363.0,38166.0,37737.0,8869.0,13258.0,17216.0,15872.0,5447.0,7469.0,,,5529.0,3882.0
190,191,Jena – Sömmerda – Weimarer Land I,16,198697.0,198697.0,154163.0,154163.0,1912.0,1588.0,152251.0,152575.0,28170.0,23869.0,30673.0,34195.0,29578.0,30263.0,10686.0,14070.0,25741.0,19505.0,14656.0,16709.0,,,6018.0,3712.0
191,192,Gotha – Ilm-Kreis,16,190519.0,190519.0,142566.0,142566.0,1982.0,1918.0,140584.0,140648.0,25918.0,21820.0,33085.0,33437.0,37249.0,36522.0,9494.0,12126.0,15579.0,15454.0,6498.0,8100.0,,,5622.0,3810.0
192,193,Erfurt – Weimar – Weimarer Land II,16,217944.0,217944.0,166604.0,166604.0,1942.0,1606.0,164662.0,164998.0,28639.0,23580.0,40185.0,39378.0,27235.0,26803.0,12309.0,15504.0,26972.0,23055.0,19483.0,21831.0,,,,2162.0
193,194,Gera – Greiz – Altenburger Land,16,229588.0,229588.0,168147.0,168147.0,2517.0,2104.0,165630.0,166043.0,33067.0,27303.0,36760.0,36326.0,48034.0,46659.0,14273.0,16212.0,19421.0,18666.0,6293.0,7331.0,,,,2433.0
194,195,Saalfeld-Rudolstadt – Saale-Holzland-Kreis – Saale-Orla-Kreis,16,219437.0,219437.0,166531.0,166531.0,2037.0,1908.0,164494.0,164623.0,34489.0,27008.0,30791.0,35019.0,48177.0,46381.0,12343.0,15428.0,19968.0,18489.0,6292.0,7383.0,,,5143.0,4079.0
195,196,Suhl – Schmalkalden-Meiningen – Hildburghausen – Sonneberg,16,230071.0,230071.0,171108.0,171108.0,2146.0,1983.0,168962.0,169125.0,37729.0,27923.0,56791.0,42446.0,35887.0,44572.0,10686.0,13990.0,14135.0,18486.0,3615.0,7221.0,,,4897.0,4247.0
196,197,Neuwied,7,238118.0,238118.0,181837.0,181837.0,2058.0,1544.0,179779.0,180293.0,57430.0,48338.0,54320.0,54018.0,16810.0,17504.0,15931.0,20751.0,5005.0,5417.0,16559.0,18930.0,,,8032.0,5860.0
197,198,Ahrweiler,7,195109.0,195109.0,148466.0,148466.0,1861.0,1379.0,146605.0,147087.0,50281.0,41942.0,44325.0,42303.0,10823.0,11322.0,12124.0,17484.0,3537.0,3851.0,15553.0,17685.0,,,6942.0,4908.0
198,199,Koblenz,7,193035.0,193035.0,147127.0,147127.0,1815.0,1224.0,145312.0,145903.0,46073.0,37958.0,43416.0,42817.0,9753.0,10426.0,11179.0,16371.0,4054.0,4804.0,17980.0,21007.0,,,7028.0,4928.0
199,200,Mosel/Rhein-Hunsrück,7,171102.0,171102.0,134717.0,134717.0,2348.0,1455.0,132369.0,133262.0,45364.0,38664.0,35570.0,38015.0,10646.0,11061.0,15664.0,16664.0,,3725.0,12833.0,12230.0,,,7609.0,5820.0
200,201,Kreuznach,7,182380.0,182380.0,138109.0,138109.0,2008.0,1451.0,136101.0,136658.0,39589.0,33433.0,44976.0,44259.0,12972.0,13510.0,9753.0,15704.0,4294.0,4454.0,9958.0,12903.0,,,7648.0,4616.0
201,202,Bitburg,7,163493.0,163493.0,124449.0,124449.0,1852.0,1395.0,122597.0,123054.0,46340.0,37086.0,33632.0,34343.0,7947.0,8794.0,9011.0,13997.0,2875.0,3265.0,8512.0,11411.0,,,10566.0,8460.0
202,203,Trier,7,190530.0,190530.0,147171.0,147171.0,1738.0,1540.0,145433.0,145631.0,40299.0,34578.0,47942.0,44123.0,8230.0,9001.0,10135.0,16206.0,5126.0,5712.0,18939.0,22708.0,,,7521.0,5379.0
203,204,Montabaur,7,210816.0,210816.0,164165.0,164165.0,2172.0,1454.0,161993.0,162711.0,48607.0,43125.0,50975.0,49346.0,14090.0,14565.0,15101.0,19021.0,4483.0,4690.0,14176.0,16832.0,,,8954.0,6432.0
204,205,Mainz,7,249630.0,249630.0,202670.0,202670.0,2669.0,1382.0,200001.0,201288.0,47153.0,42659.0,49878.0,53889.0,10360.0,10833.0,14408.0,23178.0,24863.0,9418.0,37319.0,46183.0,,,4751.0,3605.0
205,206,Worms,7,212943.0,212943.0,166636.0,166636.0,2491.0,1814.0,164145.0,164822.0,52827.0,37548.0,49748.0,49656.0,16043.0,17033.0,12966.0,20095.0,5070.0,5068.0,15949.0,20799.0,,,5762.0,4749.0
206,207,Ludwigshafen/Frankenthal,7,210969.0,210969.0,154911.0,154911.0,2122.0,1653.0,152789.0,153258.0,38193.0,33726.0,50108.0,45895.0,17740.0,18075.0,13688.0,18421.0,4648.0,4651.0,17061.0,18128.0,,,7411.0,4789.0
207,208,Neustadt – Speyer,7,219416.0,219416.0,173828.0,173828.0,2178.0,1506.0,171650.0,172322.0,51770.0,41322.0,48158.0,47121.0,17204.0,17499.0,14624.0,21823.0,4535.0,4880.0,20869.0,23949.0,,,9698.0,6380.0
208,209,Kaiserslautern,7,224701.0,224701.0,169206.0,169206.0,2409.0,1742.0,166797.0,167464.0,35803.0,33226.0,56523.0,54460.0,20002.0,20702.0,11870.0,17242.0,6753.0,6383.0,14589.0,17611.0,,,12225.0,8042.0
209,210,Pirmasens,7,174093.0,174093.0,132470.0,132470.0,2004.0,1747.0,130466.0,130723.0,39236.0,33507.0,39711.0,38261.0,16512.0,17178.0,9895.0,14374.0,3678.0,4207.0,7891.0,9877.0,,,5990.0,4935.0
210,211,Südpfalz,7,217000.0,217000.0,171259.0,171259.0,1627.0,1583.0,169632.0,169676.0,47860.0,39421.0,47901.0,47028.0,16658.0,17702.0,17011.0,21120.0,5222.0,5598.0,19058.0,22882.0,,,6388.0,5493.0
211,212,Altötting,9,168656.0,168656.0,129441.0,129441.0,880.0,681.0,128561.0,128760.0,,,14620.0,18309.0,14220.0,13940.0,9245.0,13298.0,3155.0,2769.0,11145.0,12248.0,55693.0,44060.0,13049.0,14857.0
212,213,Erding – Ebersberg,9,200569.0,200569.0,168337.0,168337.0,1132.0,734.0,167205.0,167603.0,,,24205.0,25693.0,11448.0,12228.0,13226.0,20228.0,3355.0,3648.0,24840.0,24620.0,70656.0,55992.0,12157.0,13865.0
213,214,Freising,9,237250.0,237250.0,194002.0,194002.0,1237.0,883.0,192765.0,193119.0,,,25950.0,29085.0,18042.0,17515.0,14687.0,21738.0,3898.0,4456.0,24058.0,26055.0,69689.0,62930.0,23223.0,18779.0
214,215,Fürstenfeldbruck,9,231905.0,231905.0,192779.0,192779.0,1489.0,927.0,191290.0,191852.0,,,36831.0,31141.0,13056.0,13209.0,16029.0,23046.0,3216.0,4192.0,25363.0,30537.0,72721.0,63944.0,13085.0,12325.0
215,216,Ingolstadt,9,238384.0,238384.0,187395.0,187395.0,1167.0,856.0,186228.0,186539.0,,,25954.0,31592.0,17806.0,18694.0,10877.0,19797.0,4648.0,4450.0,18182.0,20833.0,83663.0,64577.0,15515.0,15580.0
216,217,München-Nord,9,223683.0,223683.0,175551.0,175551.0,880.0,649.0,174671.0,174902.0,,,38172.0,33241.0,7591.0,8250.0,19477.0,25953.0,6216.0,7044.0,42319.0,44861.0,44854.0,39986.0,3969.0,4396.0
217,218,München-Ost,9,242591.0,242591.0,193958.0,193958.0,906.0,687.0,193052.0,193271.0,,,38243.0,36106.0,8066.0,8978.0,18104.0,27112.0,4907.0,7080.0,42367.0,47647.0,61159.0,49286.0,5041.0,5052.0
218,219,München-Süd,9,214606.0,214606.0,172970.0,172970.0,841.0,599.0,172129.0,172371.0,,,33924.0,33117.0,7641.0,7910.0,16437.0,21495.0,6236.0,7669.0,47256.0,45562.0,46059.0,40585.0,4464.0,4724.0
219,220,München-West/Mitte,9,242252.0,242252.0,198272.0,198272.0,955.0,647.0,197317.0,197625.0,,,39182.0,37513.0,7594.0,8403.0,19153.0,26401.0,6975.0,8219.0,53174.0,54303.0,53311.0,45540.0,5058.0,5036.0
220,221,München-Land,9,234912.0,234912.0,199333.0,199333.0,1041.0,723.0,198292.0,198610.0,,,30237.0,34189.0,9816.0,10489.0,18180.0,28696.0,3685.0,4449.0,40475.0,36817.0,77523.0,64669.0,7791.0,7612.0
221,222,Rosenheim,9,237390.0,237390.0,191410.0,191410.0,1346.0,849.0,190064.0,190561.0,,,22869.0,27406.0,15764.0,16570.0,17682.0,23049.0,4091.0,4607.0,26183.0,25962.0,68670.0,59126.0,16869.0,18261.0
222,223,Bad Tölz-Wolfratshausen – Miesbach,9,166662.0,166662.0,136106.0,136106.0,1765.0,750.0,134341.0,135356.0,,,15428.0,18276.0,,10835.0,11636.0,17048.0,2643.0,2908.0,20829.0,18138.0,55501.0,46304.0,14146.0,12531.0
223,224,Starnberg – Landsberg am Lech,9,214828.0,214828.0,180978.0,180978.0,1158.0,714.0,179820.0,180264.0,,,23985.0,28584.0,10715.0,11066.0,16585.0,23893.0,3701.0,4446.0,35809.0,32663.0,68617.0,57906.0,9035.0,9026.0
224,225,Traunstein,9,208815.0,208815.0,163876.0,163876.0,1282.0,817.0,162594.0,163059.0,,,27644.0,25190.0,12671.0,14027.0,12268.0,15747.0,3537.0,3943.0,17219.0,19985.0,59555.0,51421.0,18572.0,21369.0
225,226,Weilheim,9,168473.0,168473.0,138039.0,138039.0,1444.0,879.0,136595.0,137160.0,,,19682.0,19927.0,9686.0,10873.0,8553.0,14311.0,2718.0,3124.0,16300.0,18397.0,57179.0,48178.0,10100.0,11462.0
226,227,Deggendorf,9,166186.0,166186.0,127193.0,127193.0,691.0,549.0,126502.0,126644.0,,,19527.0,19873.0,17432.0,17911.0,6325.0,10778.0,1895.0,2301.0,6890.0,8516.0,47267.0,42154.0,19718.0,18206.0
227,228,Landshut,9,246854.0,246854.0,195589.0,195589.0,1639.0,823.0,193950.0,194766.0,,,22468.0,30931.0,19184.0,19973.0,22774.0,20204.0,3955.0,4186.0,21811.0,20087.0,70685.0,64383.0,20072.0,23747.0
228,229,Passau,9,177563.0,177563.0,136625.0,136625.0,1145.0,573.0,135480.0,136052.0,,,28341.0,23892.0,16215.0,16023.0,10513.0,12782.0,2681.0,3093.0,12098.0,12645.0,41530.0,44215.0,17180.0,16475.0
229,230,Rottal-Inn,9,173632.0,173632.0,133885.0,133885.0,1438.0,639.0,132447.0,133246.0,,,15794.0,19108.0,16808.0,16384.0,10210.0,12904.0,1912.0,2487.0,10188.0,9495.0,46493.0,45687.0,22158.0,19910.0
230,231,Straubing,9,173772.0,173772.0,132955.0,132955.0,877.0,712.0,132078.0,132243.0,,,16312.0,19938.0,16794.0,17402.0,6895.0,11603.0,1936.0,2468.0,8613.0,8964.0,58487.0,46742.0,15115.0,17869.0
231,232,Amberg,9,216071.0,216071.0,173297.0,173297.0,1300.0,939.0,171997.0,172358.0,,,27476.0,31547.0,17822.0,17958.0,10213.0,15067.0,4158.0,4095.0,13908.0,16191.0,69278.0,60430.0,20855.0,16332.0
232,233,Regensburg,9,248192.0,248192.0,198937.0,198937.0,1225.0,762.0,197712.0,198175.0,,,32850.0,34563.0,16557.0,17343.0,13754.0,18773.0,6023.0,6798.0,30333.0,32094.0,69842.0,61187.0,17906.0,16618.0
233,234,Schwandorf,9,222424.0,222424.0,174957.0,174957.0,1202.0,812.0,173755.0,174145.0,,,39615.0,31209.0,23142.0,23508.0,7341.0,12650.0,3043.0,3394.0,7934.0,11179.0,60924.0,59430.0,27381.0,25114.0
234,235,Weiden,9,165807.0,165807.0,132247.0,132247.0,823.0,891.0,131424.0,131356.0,,,29573.0,29461.0,13523.0,14898.0,6303.0,9601.0,2315.0,2830.0,6633.0,9170.0,50575.0,46451.0,9306.0,12067.0
235,236,Bamberg,9,182586.0,182586.0,148660.0,148660.0,865.0,592.0,147795.0,148068.0,,,28123.0,25698.0,13279.0,14284.0,9821.0,14336.0,3625.0,4676.0,22728.0,21898.0,54726.0,49463.0,8708.0,9184.0
236,237,Bayreuth,9,162430.0,162430.0,129136.0,129136.0,806.0,606.0,128330.0,128530.0,,,24840.0,26584.0,10777.0,11636.0,9182.0,12020.0,2577.0,3294.0,14064.0,15647.0,54465.0,43768.0,7754.0,8857.0
237,238,Coburg,9,156571.0,156571.0,123864.0,123864.0,921.0,704.0,122943.0,123160.0,,,32056.0,31087.0,11878.0,12836.0,6369.0,10683.0,2337.0,3118.0,10581.0,11459.0,44890.0,39343.0,9235.0,7524.0
238,239,Hof,9,162872.0,162872.0,125334.0,125334.0,879.0,775.0,124455.0,124559.0,,,29763.0,30426.0,14705.0,14560.0,6493.0,10552.0,2651.0,3004.0,7941.0,9628.0,51312.0,41308.0,7202.0,7955.0
239,240,Kulmbach,9,168923.0,168923.0,137178.0,137178.0,781.0,671.0,136397.0,136507.0,,,22103.0,27009.0,14416.0,15774.0,6480.0,11399.0,2448.0,2982.0,10165.0,11966.0,65163.0,49389.0,10430.0,10420.0
240,241,Ansbach,9,243174.0,243174.0,192508.0,192508.0,1514.0,1022.0,190994.0,191486.0,,,33819.0,37642.0,18418.0,19142.0,13016.0,16213.0,3798.0,4904.0,21343.0,22325.0,73312.0,63299.0,16592.0,14738.0
241,242,Erlangen,9,187299.0,187299.0,155377.0,155377.0,946.0,669.0,154431.0,154708.0,,,32036.0,30146.0,10669.0,10872.0,10382.0,16062.0,,5817.0,29923.0,31222.0,54223.0,44664.0,7888.0,7081.0
242,243,Fürth,9,250730.0,250730.0,197939.0,197939.0,1438.0,996.0,196501.0,196943.0,,,47153.0,42329.0,16858.0,17692.0,12883.0,18765.0,6221.0,6946.0,27111.0,29778.0,65876.0,58976.0,10340.0,9669.0
243,244,Nürnberg-Nord,9,188283.0,188283.0,145212.0,145212.0,1006.0,726.0,144206.0,144486.0,,,31616.0,30232.0,8485.0,8887.0,10882.0,14692.0,7726.0,8627.0,32541.0,34055.0,41027.0,34349.0,4286.0,3621.0
244,245,Nürnberg-Süd,9,177316.0,177316.0,129560.0,129560.0,1137.0,847.0,128423.0,128713.0,,,31098.0,29195.0,13123.0,12901.0,8777.0,11495.0,5184.0,4893.0,15566.0,17687.0,44192.0,38663.0,5897.0,4433.0
245,246,Roth,9,229279.0,229279.0,189675.0,189675.0,1392.0,945.0,188283.0,188730.0,,,31806.0,38786.0,14944.0,16043.0,12596.0,16974.0,5076.0,4950.0,25140.0,26197.0,71478.0,60980.0,16528.0,12601.0
246,247,Aschaffenburg,9,182652.0,182652.0,146772.0,146772.0,1234.0,1052.0,145538.0,145720.0,,,24893.0,30232.0,13954.0,13716.0,11683.0,16199.0,3536.0,4068.0,19588.0,20642.0,59269.0,45739.0,5087.0,5718.0
247,248,Bad Kissingen,9,214061.0,214061.0,174164.0,174164.0,1624.0,1059.0,172540.0,173105.0,,,32844.0,30540.0,17130.0,18434.0,12206.0,15211.0,4475.0,4820.0,16467.0,15874.0,67458.0,65063.0,14102.0,12639.0
248,249,Main-Spessart,9,194408.0,194408.0,158133.0,158133.0,1348.0,1066.0,156785.0,157067.0,,,33700.0,32771.0,12576.0,13918.0,9514.0,14151.0,4070.0,3685.0,15813.0,17806.0,60489.0,54097.0,15774.0,10496.0
249,250,Schweinfurt,9,196710.0,196710.0,157357.0,157357.0,1554.0,1005.0,155803.0,156352.0,,,29037.0,30482.0,15468.0,15687.0,12408.0,15039.0,6552.0,4928.0,14747.0,17085.0,63697.0,54441.0,7761.0,9119.0
250,251,Würzburg,9,224907.0,224907.0,185659.0,185659.0,2155.0,957.0,183504.0,184702.0,,,33125.0,37079.0,,12220.0,19414.0,19230.0,7522.0,7027.0,36295.0,35634.0,67651.0,55957.0,9440.0,6871.0
251,252,Augsburg-Stadt,9,207543.0,207543.0,153315.0,153315.0,1004.0,855.0,152311.0,152460.0,,,27453.0,29200.0,13431.0,13888.0,12880.0,16969.0,7168.0,6952.0,31347.0,28971.0,42780.0,38653.0,6540.0,6446.0
252,253,Augsburg-Land,9,249372.0,249372.0,204737.0,204737.0,1650.0,1070.0,203087.0,203667.0,,,29435.0,33405.0,19660.0,19481.0,16032.0,22301.0,3573.0,4176.0,24806.0,26207.0,82423.0,67883.0,19230.0,16595.0
253,254,Donau-Ries,9,195774.0,195774.0,157033.0,157033.0,1109.0,818.0,155924.0,156215.0,,,29872.0,25784.0,15723.0,17135.0,9915.0,15593.0,3048.0,2855.0,11076.0,14911.0,64045.0,54929.0,14834.0,14973.0
254,255,Neu-Ulm,9,241919.0,241919.0,188813.0,188813.0,1479.0,1099.0,187334.0,187714.0,,,29960.0,31900.0,22517.0,22293.0,14542.0,22019.0,3466.0,4410.0,20621.0,20764.0,69676.0,59028.0,13964.0,13772.0
255,256,Oberallgäu,9,228803.0,228803.0,181755.0,181755.0,1617.0,1014.0,180138.0,180741.0,,,28401.0,29910.0,14473.0,14350.0,23604.0,20953.0,4911.0,5043.0,27817.0,27393.0,53566.0,55017.0,16181.0,14970.0
256,257,Ostallgäu,9,250575.0,250575.0,198667.0,198667.0,1542.0,1024.0,197125.0,197643.0,,,24288.0,30914.0,20021.0,19779.0,14258.0,21561.0,6667.0,5007.0,24128.0,23712.0,76399.0,62635.0,17819.0,17985.0
257,258,Stuttgart I,8,191811.0,191811.0,157514.0,157514.0,832.0,676.0,156682.0,156838.0,36605.0,31536.0,20012.0,31003.0,6295.0,6591.0,16504.0,26036.0,6447.0,8127.0,62594.0,44559.0,,,1281.0,1088.0
258,259,Stuttgart II,8,178958.0,178958.0,133588.0,133588.0,1124.0,892.0,132464.0,132696.0,34312.0,28403.0,27224.0,30198.0,9603.0,9541.0,14678.0,20273.0,6294.0,6739.0,31446.0,28221.0,,,1833.0,1206.0
259,260,Böblingen,8,245553.0,245553.0,195335.0,195335.0,1541.0,1221.0,193794.0,194114.0,57504.0,50675.0,40844.0,39955.0,16175.0,16810.0,32184.0,35082.0,4548.0,5141.0,30211.0,32594.0,,,4790.0,3306.0
260,261,Esslingen,8,166628.0,166628.0,131888.0,131888.0,868.0,767.0,131020.0,131121.0,41976.0,33175.0,28501.0,29852.0,9123.0,9733.0,16011.0,20901.0,3477.0,4063.0,24058.0,23902.0,,,2844.0,1969.0
261,262,Nürtingen,8,205967.0,205967.0,165777.0,165777.0,1302.0,1207.0,164475.0,164570.0,49506.0,42826.0,34617.0,33995.0,13597.0,14327.0,22765.0,28807.0,3970.0,4357.0,29619.0,27702.0,,,3948.0,2704.0
262,263,Göppingen,8,177107.0,177107.0,135606.0,135606.0,1599.0,1183.0,134007.0,134423.0,41558.0,35079.0,31824.0,31422.0,15818.0,15412.0,16481.0,21723.0,2958.0,3338.0,15932.0,16916.0,,,4394.0,2525.0
263,264,Waiblingen,8,221775.0,221775.0,175841.0,175841.0,1434.0,1092.0,174407.0,174749.0,50566.0,44987.0,39642.0,37753.0,15196.0,15474.0,27123.0,30999.0,4464.0,5001.0,26224.0,27098.0,,,3280.0,2452.0
264,265,Ludwigsburg,8,215312.0,215312.0,171843.0,171843.0,1300.0,1001.0,170543.0,170842.0,50297.0,42297.0,31409.0,37284.0,14392.0,14313.0,23891.0,27611.0,4886.0,5275.0,34663.0,31433.0,,,3803.0,2765.0
265,266,Neckar-Zaber,8,230738.0,230738.0,186673.0,186673.0,1622.0,1237.0,185051.0,185436.0,56249.0,46315.0,41708.0,41369.0,18478.0,18702.0,22792.0,30783.0,4357.0,4851.0,29015.0,29048.0,,,4218.0,3248.0
266,267,Heilbronn,8,240951.0,240951.0,182804.0,182804.0,1863.0,1749.0,180941.0,181055.0,50299.0,43325.0,43887.0,40961.0,23093.0,23828.0,24748.0,29386.0,4237.0,5137.0,23018.0,23476.0,,,4595.0,3278.0
267,268,Schwäbisch Hall – Hohenlohe,8,225874.0,225874.0,172687.0,172687.0,1561.0,1457.0,171126.0,171230.0,54894.0,41947.0,33568.0,37272.0,20579.0,21787.0,19941.0,27850.0,4090.0,4980.0,25825.0,22734.0,,,3460.0,2941.0
268,269,Backnang – Schwäbisch Gmünd,8,177062.0,177062.0,136436.0,136436.0,1435.0,1012.0,135001.0,135424.0,41176.0,34991.0,32904.0,29341.0,15802.0,15979.0,16198.0,21397.0,3929.0,3927.0,15587.0,18579.0,,,3286.0,2026.0
269,270,Aalen – Heidenheim,8,220686.0,220686.0,168655.0,168655.0,1722.0,1410.0,166933.0,167245.0,61832.0,45852.0,36501.0,39468.0,16988.0,17937.0,15708.0,24562.0,3905.0,4538.0,20364.0,21226.0,,,4477.0,3610.0
270,271,Karlsruhe-Stadt,8,205608.0,205608.0,159591.0,159591.0,1350.0,1123.0,158241.0,158468.0,30921.0,27998.0,33630.0,33828.0,10811.0,10774.0,15793.0,20615.0,7956.0,8910.0,47473.0,44011.0,,,1723.0,1438.0
271,272,Karlsruhe-Land,8,209147.0,209147.0,167946.0,167946.0,1687.0,1313.0,166259.0,166633.0,50581.0,42831.0,37948.0,38474.0,14963.0,15869.0,19066.0,24660.0,4040.0,4483.0,27755.0,26969.0,,,4358.0,3001.0
272,273,Rastatt,8,204890.0,204890.0,155331.0,155331.0,1736.0,1531.0,153595.0,153800.0,50988.0,41495.0,34847.0,36442.0,16455.0,16333.0,17764.0,21250.0,4212.0,4280.0,19962.0,21926.0,,,4477.0,3000.0
273,274,Heidelberg,8,218431.0,218431.0,177868.0,177868.0,1231.0,1064.0,176637.0,176804.0,42582.0,36783.0,35602.0,40275.0,10823.0,10821.0,15906.0,23240.0,6987.0,8624.0,53288.0,45314.0,,,2839.0,2011.0
274,275,Mannheim,8,196863.0,196863.0,142132.0,142132.0,1350.0,1165.0,140782.0,140967.0,27986.0,25682.0,37102.0,35651.0,13773.0,12846.0,14879.0,18515.0,6811.0,7066.0,31723.0,29814.0,,,3205.0,1871.0
275,276,Odenwald – Tauber,8,209418.0,209418.0,162058.0,162058.0,1806.0,1564.0,160252.0,160494.0,57391.0,48866.0,33083.0,35578.0,19374.0,19208.0,15549.0,20943.0,3722.0,4084.0,17695.0,17748.0,,,7329.0,4701.0
276,277,Rhein-Neckar,8,196882.0,196882.0,154085.0,154085.0,1588.0,1403.0,152497.0,152682.0,43487.0,38871.0,41205.0,35847.0,15296.0,15701.0,17769.0,21941.0,4006.0,4320.0,22696.0,24072.0,,,3979.0,2620.0
277,278,Bruchsal – Schwetzingen,8,195755.0,195755.0,152231.0,152231.0,2028.0,1455.0,150203.0,150776.0,44465.0,38866.0,32836.0,34434.0,17352.0,17462.0,17635.0,21978.0,3854.0,4125.0,22154.0,20858.0,,,5054.0,3258.0
278,279,Pforzheim,8,217126.0,217126.0,163982.0,163982.0,1441.0,1365.0,162541.0,162617.0,46291.0,39324.0,33957.0,34262.0,22943.0,22028.0,20632.0,26504.0,3772.0,4342.0,20679.0,21213.0,,,4407.0,2914.0
279,280,Calw,8,199092.0,199092.0,152863.0,152863.0,1350.0,1275.0,151513.0,151588.0,51208.0,42841.0,26111.0,28571.0,18668.0,19473.0,22685.0,26770.0,2998.0,3656.0,17712.0,17301.0,,,4202.0,3076.0
280,281,Freiburg,8,224392.0,224392.0,180976.0,180976.0,1207.0,1103.0,179769.0,179873.0,37111.0,31296.0,47198.0,38183.0,8107.0,8854.0,13835.0,19145.0,9604.0,12429.0,51777.0,56861.0,,,2769.0,1821.0
281,282,Lörrach – Müllheim,8,231076.0,231076.0,174064.0,174064.0,1720.0,1495.0,172344.0,172569.0,43509.0,38501.0,37496.0,41834.0,13981.0,14195.0,24430.0,24669.0,4580.0,5532.0,35558.0,32817.0,,,3530.0,2784.0
282,283,Emmendingen – Lahr,8,218872.0,218872.0,168004.0,168004.0,1349.0,1432.0,166655.0,166572.0,46406.0,41323.0,46316.0,39727.0,14396.0,14971.0,16620.0,22136.0,4921.0,5209.0,23345.0,28724.0,,,3963.0,3146.0
283,284,Offenburg,8,205893.0,205893.0,156776.0,156776.0,1623.0,1576.0,155153.0,155200.0,54148.0,40210.0,29003.0,33043.0,13876.0,15320.0,16692.0,22799.0,4254.0,4423.0,21717.0,23083.0,,,5881.0,3729.0
284,285,Rottweil – Tuttlingen,8,198182.0,198182.0,149664.0,149664.0,1826.0,1851.0,147838.0,147813.0,46535.0,40818.0,23989.0,27523.0,20293.0,19747.0,24784.0,26768.0,3177.0,3320.0,18184.0,16036.0,,,3733.0,2726.0
285,286,Schwarzwald-Baar,8,162800.0,162800.0,122862.0,122862.0,1370.0,1340.0,121492.0,121522.0,44188.0,32309.0,21996.0,25814.0,12795.0,13097.0,16747.0,19696.0,2757.0,3062.0,14692.0,16181.0,,,3306.0,2390.0
286,287,Konstanz,8,206009.0,206009.0,157563.0,157563.0,1277.0,1163.0,156286.0,156400.0,53362.0,36209.0,31486.0,32657.0,13487.0,13341.0,17047.0,23509.0,5591.0,5804.0,28142.0,32913.0,,,2809.0,2204.0
287,288,Waldshut,8,177275.0,177275.0,136195.0,136195.0,1318.0,1173.0,134877.0,135022.0,45335.0,35595.0,34449.0,30782.0,11420.0,11265.0,10217.0,18422.0,3606.0,3895.0,20679.0,23294.0,,,3482.0,2534.0
288,289,Reutlingen,8,199189.0,199189.0,153820.0,153820.0,1343.0,1245.0,152477.0,152575.0,49631.0,39504.0,27236.0,31535.0,15356.0,15652.0,20411.0,25288.0,6169.0,5081.0,25399.0,24197.0,,,3139.0,2434.0
289,290,Tübingen,8,198791.0,198791.0,160835.0,160835.0,1207.0,1054.0,159628.0,159781.0,43024.0,34775.0,28982.0,32576.0,12484.0,12548.0,15059.0,22678.0,7526.0,8231.0,40978.0,37424.0,,,2789.0,1978.0
290,291,Ulm,8,223376.0,223376.0,177537.0,177537.0,1539.0,1372.0,175998.0,176165.0,57608.0,46805.0,32176.0,36418.0,15932.0,16046.0,19745.0,25389.0,4604.0,5377.0,33012.0,31238.0,,,4961.0,3808.0
291,292,Biberach,8,169147.0,169147.0,133345.0,133345.0,1174.0,1115.0,132171.0,132230.0,46458.0,40472.0,24567.0,23152.0,13469.0,14308.0,13045.0,19163.0,2064.0,2967.0,17912.0,18070.0,,,4431.0,4155.0
292,293,Bodensee,8,174430.0,174430.0,137838.0,137838.0,1083.0,990.0,136755.0,136848.0,41624.0,36571.0,28501.0,26989.0,12584.0,11916.0,16751.0,21611.0,3705.0,3905.0,23385.0,23635.0,,,3047.0,2526.0
293,294,Ravensburg,8,187817.0,187817.0,147020.0,147020.0,1080.0,1042.0,145940.0,145978.0,44597.0,38927.0,20128.0,27750.0,11727.0,12650.0,20934.0,21740.0,4365.0,4735.0,30743.0,25536.0,,,4441.0,3751.0
294,295,Zollernalb – Sigmaringen,8,182648.0,182648.0,138084.0,138084.0,1688.0,1544.0,136396.0,136540.0,41106.0,39332.0,24970.0,26716.0,15554.0,16477.0,18678.0,23200.0,2848.0,3540.0,23118.0,15503.0,,,3359.0,2617.0
295,296,Saarbrücken,10,192929.0,192929.0,142697.0,142697.0,2299.0,2223.0,140398.0,140474.0,35252.0,28797.0,51749.0,53537.0,12569.0,13006.0,11647.0,16438.0,8711.0,13484.0,11143.0,,,,2604.0,2191.0
296,297,Saarlouis,10,203279.0,203279.0,159170.0,159170.0,3047.0,2891.0,156123.0,156279.0,43671.0,38085.0,57354.0,56920.0,15111.0,15651.0,12777.0,18872.0,8405.0,10512.0,7383.0,,,,4352.0,3315.0
297,298,St. Wendel,10,173074.0,173074.0,139808.0,139808.0,2828.0,2776.0,136980.0,137032.0,43928.0,36248.0,48135.0,51229.0,12346.0,12904.0,11354.0,14916.0,5783.0,7887.0,5739.0,,,,3562.0,2881.0
298,299,Homburg,10,185941.0,185941.0,142288.0,142288.0,2676.0,2405.0,139612.0,139883.0,36472.0,32004.0,51091.0,52091.0,16210.0,16068.0,11015.0,15719.0,7312.0,9247.0,6826.0,,,,4418.0,3359.0
