,District_Number,Area,Belongs_To,Eligible_Second_Votes_Final,Voters_Second_Votes_Final,Invalid_Second_Votes_Final,Valid_Second_Votes_Final,CDU_Second_Votes_Final,SPD_Second_Votes_Final,AfD_Second_Votes_Final,FDP_Second_Votes_Final,Left_Second_Votes_Final,Greens_Second_Votes_Final,CSU_Second_Votes_Final,FW_Second_Votes_Final
0,1,Flensburg – Schleswig,1,231536.0,180112.0,1487.0,178625.0,20.38964310706788,25.476836948915327,5.775787263820853,10.74261721483555,4.184744576627012,18.642407277816655,,0.9601119664100769
1,2,Nordfriesland – Dithmarschen Nord,1,188267.0,145387.0,1242.0,144145.0,24.635609976065766,26.311006278400225,6.103576260015956,12.73023691421832,3.0781504734815637,15.670331957404002,,0.7499392972354226
2,3,Steinburg – Dithmarschen Süd,1,176899.0,136299.0,1190.0,135109.0,24.30778112486955,27.73168330755168,8.365837953060122,13.686727013004315,3.348407582026364,14.238133655048888,,1.2678652051306722
3,4,Rendsburg-Eckernförde,1,202226.0,162060.0,1105.0,160955.0,23.930291075145227,26.807492777484388,6.563325152993073,12.004597558323756,3.2077288683172314,17.910596129352925,,0.7293964151470907
4,5,Kiel,1,202482.0,155986.0,918.0,155068.0,15.425490752444091,26.01310392859907,4.935899089431733,10.388990636365982,6.08120308509815,28.432042716743624,,0.6152139706451364
5,6,Plön – Neumünster,1,174908.0,133721.0,1194.0,132527.0,22.855719966497393,29.178959759143417,7.350200336535197,11.998309778384781,3.1933115516083515,17.39343680910305,,0.9620681068763346
6,7,Pinneberg,1,238388.0,191512.0,1242.0,190270.0,22.103852420244916,29.270510327429445,6.874441583013612,13.487675408629842,3.3441950911862093,18.022284122562674,,0.9097598149997372
7,8,Segeberg – Stormarn-Mitte,1,249202.0,199618.0,1353.0,198265.0,22.336267117242077,28.57690464781984,7.327062265150178,13.95859077497289,3.262300456459789,16.826469623988096,,1.1585504249363225
8,9,Ostholstein – Stormarn-Nord,1,183138.0,143092.0,1126.0,141966.0,25.05106856571292,29.950833298113633,7.095360861051238,12.66923066086246,2.8429342236873616,15.717847935421156,,1.1291435977628446
9,10,Herzogtum Lauenburg – Stormarn-Süd,1,246277.0,196903.0,1316.0,195587.0,23.193770547122252,28.847520540731235,7.506633876484633,14.175277497993221,3.233855010813602,16.603864265007388,,1.1268642598945737
10,11,Lübeck,1,179394.0,131455.0,1218.0,130237.0,18.142309789076837,30.485960210999945,6.777643833933521,10.462464583797232,4.441902070840084,22.442930964318897,,0.9951089168208728
11,12,Schwerin – Ludwigslust-Parchim I – Nordwestmecklenburg I,13,214853.0,156565.0,2402.0,154163.0,17.113704325940727,31.960327705091363,15.687940686156859,8.589609698825269,10.77041832346283,8.055759164001739,,1.6060922530049364
12,13,Ludwigslust-Parchim II – Nordwestmecklenburg II – Landkreis Rostock I,13,205042.0,146362.0,2258.0,144104.0,17.085577083217675,32.508466107811024,17.121662132904014,8.076111697107645,10.394576139454838,7.041442291678232,,1.6543607394659412
13,14,Rostock – Landkreis Rostock II,13,222705.0,165329.0,2352.0,162977.0,14.175619872742779,29.01022843714144,12.675408186431214,9.112942317014056,13.186523251747179,12.849052320266049,,1.1480147505476233
14,15,Vorpommern-Rügen – Vorpommern-Greifswald I,13,241066.0,168922.0,3143.0,165779.0,18.645304893864722,25.08339415728168,18.882367489247734,8.30985830533421,11.374782089408187,8.839479065502868,,1.191345104024032
15,16,Mecklenburgische Seenplatte I – Vorpommern-Greifswald II,13,221421.0,154240.0,3202.0,151038.0,18.991247235794965,26.707848356042852,23.24050901097737,7.572928666957984,10.176247037169455,4.380354612746461,,1.4453316383956356
16,17,Mecklenburgische Seenplatte II – Landkreis Rostock III,13,209348.0,143622.0,2824.0,140798.0,18.751686813733148,29.864770806403502,20.895893407576814,7.53490816630918,10.251566073381724,5.098794016960468,,1.7436327220557108
17,18,Hamburg-Mitte,2,242078.0,179637.0,1082.0,178555.0,11.190949567360198,28.65783652095993,5.096468875136512,10.485844697712189,8.732883425275126,27.885525468343086,,0.5454901850970288
18,19,Hamburg-Altona,2,187705.0,152720.0,625.0,152095.0,14.778921069068673,25.55310825470923,3.311088464446563,10.8767546599165,8.98583122390611,30.350767612347546,,0.34452151615766463
19,20,Hamburg-Eimsbüttel,2,193823.0,160970.0,605.0,160365.0,14.86795747201696,28.00548748168241,3.530695600660992,11.342874068531163,6.763944751036697,29.921117450815327,,0.4745424500358557
20,21,Hamburg-Nord,2,219909.0,185457.0,766.0,184691.0,18.618665771477765,27.925020710267418,3.687781212944865,14.211304286619272,4.732769869674212,25.193972635374763,,0.50841676096832
21,22,Hamburg-Wandsbek,2,233483.0,174014.0,1193.0,172821.0,16.83996736507716,34.3118023851268,6.532770901684402,11.124226801141065,5.122062712286122,18.59380515099438,,0.6272385879030905
22,23,Hamburg-Bergedorf – Harburg,2,221794.0,158246.0,1229.0,157017.0,16.19378793379061,33.450518096766594,8.04881000146481,9.98235859811358,6.291038549965927,17.788519714425828,,0.8400364291764585
23,24,Aurich – Emden,3,191846.0,137847.0,1653.0,136194.0,17.67038195515221,43.34845881610056,8.203738784381104,8.893930716477966,3.4296665051323845,12.97267133647591,,1.298882476467392
24,25,Unterems,3,238506.0,175826.0,1550.0,174276.0,29.876173426059815,33.98574674653997,8.17553765291836,10.139663522229107,2.66818150519865,10.65895476141293,,0.49117491794624624
25,26,Friesland – Wilhelmshaven – Wittmund,3,189047.0,134164.0,1234.0,132930.0,21.46618521026104,37.95080117354998,8.238170465658618,10.43707214323328,3.1008801624915368,12.803731287143611,,1.1374407582938388
26,27,Oldenburg – Ammerland,3,228705.0,173725.0,1175.0,172550.0,18.603303390321646,32.008693132425385,5.159663865546219,10.242828165749058,4.835699797160244,23.714285714285715,,0.6033033903216459
27,28,Delmenhorst – Wesermarsch – Oldenburg-Land,3,226827.0,163753.0,1595.0,162158.0,22.60079675378335,34.30049704609085,8.008855560626056,11.452410611872372,3.111779869016638,14.78372944905586,,0.9589412794928402
28,29,Cuxhaven – Stade II,3,188602.0,140739.0,1023.0,139716.0,26.18597726817258,34.969509576569614,7.873114031320679,10.057545306192562,2.6281886111826847,12.563342781070173,,1.0986572761888402
29,30,Stade I – Rotenburg II,3,198576.0,151821.0,935.0,150886.0,26.48953514573917,32.01158490516019,7.291597629998807,11.081213631483372,2.850496401256578,14.64085468499397,,1.0736582585528147
30,31,Mittelems,3,233253.0,180543.0,1104.0,179439.0,33.84604238766377,30.9079965893702,5.14659577906698,11.75942799502895,2.2118937354755652,12.547439519836825,,0.40292244160968355
31,32,Cloppenburg – Vechta,3,223948.0,164507.0,1155.0,163352.0,38.467236397472945,24.61677849062148,7.818698271217983,12.088618443606446,2.1726088447034626,11.076081100935403,,0.48484254860668985
32,33,Diepholz – Nienburg I,3,194371.0,146954.0,982.0,145972.0,25.289096539062285,33.017290987312634,7.10547228235552,12.076288603293781,2.6854465239909024,14.48154440577645,,0.9056531389581562
33,34,Osterholz – Verden,3,197490.0,151308.0,1089.0,150219.0,24.086833223493702,32.90529160758626,7.541655849126941,10.42011995819437,3.496894533980389,16.09849619555449,,0.9945479599784315
34,35,Rotenburg I – Heidekreis,3,168927.0,125100.0,896.0,124204.0,25.05474863933529,34.77826801069209,8.006988502785738,10.085021416379504,2.84692924543493,13.572026665807865,,1.153747061286271
35,36,Harburg,3,201740.0,161635.0,893.0,160742.0,24.791280436973533,29.09320526060395,7.2607034875763645,12.707319804407064,2.912742158241157,16.65837180077391,,1.495564320463849
36,37,Lüchow-Dannenberg – Lüneburg,3,182673.0,139183.0,1077.0,138106.0,21.021534183887738,29.877050960856156,6.621725341404429,9.587563176111102,4.581987748540976,22.14603275744718,,0.8406586245347776
37,38,Osnabrück-Land,3,199960.0,151837.0,1379.0,150458.0,28.48901354530832,32.13654308843664,6.692233048425473,11.068205080487578,2.5721463797205866,14.728362732456898,,0.5476611413151843
38,39,Stadt Osnabrück,3,195467.0,149541.0,1031.0,148510.0,23.205171368931385,30.24644805063632,4.648171840280116,9.849168406167935,4.190963571476669,23.26173321661841,,0.36563194397683657
39,40,Nienburg II – Schaumburg,3,193863.0,142895.0,1103.0,141792.0,23.956217558113295,34.947669826224335,8.769183028661702,10.02383773414579,2.7096027984653577,14.082599864590387,,0.9415199729180772
40,41,Stadt Hannover I,3,176770.0,128894.0,1308.0,127586.0,18.34840813255373,30.96813129967238,6.017117865596538,10.410233097675293,4.520872196008967,23.795714263320427,,0.5415954728575235
41,42,Stadt Hannover II,3,190336.0,143712.0,1262.0,142450.0,15.82098982098982,28.161460161460163,4.740610740610741,9.328185328185329,6.199368199368199,29.46718146718147,,0.48999648999649
42,43,Hannover-Land I,3,231250.0,174581.0,1879.0,172702.0,25.783719933758732,32.11543583745411,7.698231635997267,11.320077358687218,2.6079605331727485,15.181642366619958,,0.6236175608852244
43,44,Celle – Uelzen,3,214482.0,158022.0,1192.0,156830.0,26.138493910603838,30.818083274883634,9.196582286552319,11.471019575336351,2.9841229356628194,13.952687623541415,,1.0061850411273352
44,45,Gifhorn – Peine,3,219966.0,166592.0,1762.0,164830.0,22.95637929988473,35.70102529879269,9.736091730874234,9.85136200934296,2.5159254989989686,13.322817448280047,,0.9870775950979797
45,46,Hameln-Pyrmont – Holzminden,3,184471.0,132893.0,1284.0,131609.0,22.649666816099202,36.804473858170795,8.806388620839002,10.35187563160574,2.837191985350546,13.125242194682734,,0.8525252832253114
46,47,Hannover-Land II,3,238323.0,181202.0,2110.0,179092.0,22.676613137381903,34.63247939606459,7.73345543072834,10.229379313425502,2.788510932928327,16.305027583588323,,0.9335983740200566
47,48,Hildesheim,3,215131.0,161685.0,1907.0,159778.0,22.846699795966906,34.69751780595576,7.611185519908874,9.636495637697305,3.322109426829726,16.626193843958493,,0.6596652855837475
48,49,Salzgitter – Wolfenbüttel,3,200922.0,147218.0,1496.0,145722.0,22.956725820397743,36.652667407803904,9.892123358175157,9.238824611246072,3.072974568013066,12.424342240704904,,0.9037756824638695
49,50,Braunschweig,3,187721.0,140807.0,1513.0,139294.0,18.61458497853461,30.422703059715424,5.9141097247548355,10.083707840969462,4.562292704639108,23.978778698292817,,0.6059126739127314
50,51,Helmstedt – Wolfsburg,3,180147.0,130671.0,1467.0,129204.0,24.63313829293211,35.149066592365564,9.474164886536022,10.11810779852017,2.7057985820872417,11.981827188012755,,0.8730379864400484
51,52,Goslar – Northeim – Osterode,3,197519.0,143611.0,1296.0,142315.0,23.61943575870428,37.85686680954221,8.30481677967888,10.005269999648666,2.98703580086428,12.028247198116853,,0.8628746091416928
52,53,Göttingen,3,214542.0,161876.0,1571.0,160305.0,21.576370044602477,31.926639842799666,6.103989270453199,9.75515423723527,5.072829917968872,20.24141480303172,,0.7853778734287765
53,54,Bremen I,4,245384.0,186308.0,1071.0,185237.0,17.477609764787815,28.84143016783904,5.309414425843649,9.931061289051325,8.49668262820063,23.976851277012692,,0.795197503738454
54,55,Bremen II – Bremerhaven,4,214365.0,144123.0,1320.0,142803.0,16.893202523756504,34.87251668382317,8.921381203476116,8.462707366091749,6.731651295841123,16.815473064291368,,1.0069816460438505
55,56,Prignitz – Ostprignitz-Ruppin – Havelland I,12,172726.0,122512.0,1504.0,121008.0,16.04356736744678,34.01675922253074,19.189640354356737,7.495372206796246,8.060624090969192,6.344208647362158,,2.528758429194764
56,57,Uckermark – Barnim I,12,182836.0,130965.0,1719.0,129246.0,15.333549974467294,31.368862479303033,19.921699704439597,8.063692493384709,8.988285904399362,7.0369682620738745,,2.422512108691952
57,58,Oberhavel – Havelland II,12,249331.0,195208.0,2120.0,193088.0,17.28590072920119,28.58437603579715,15.947650812064964,10.255427577063308,6.559185449121643,10.701338249917136,,2.663034471329135
58,59,Märkisch-Oderland – Barnim II,12,230391.0,177065.0,2567.0,174498.0,15.04544464693005,27.91550619491341,18.235166019094777,8.561129640454332,10.317596763286685,7.996653256770851,,3.4963151440131117
59,60,Brandenburg an der Havel – Potsdam-Mittelmark I – Havelland III – Teltow-Fläming I,12,202955.0,147618.0,2039.0,145579.0,15.300283694763667,33.26235239972799,16.379422856318563,8.197610919157295,8.255998461316535,8.387885615370347,,2.646672940465314
60,61,Potsdam – Potsdam-Mittelmark II – Teltow-Fläming II,12,232797.0,190547.0,1662.0,188885.0,13.916933583926728,26.982026100537364,9.877968075813326,10.699632051248113,10.117267120205415,18.987743865314872,,1.6491516001800037
61,62,Dahme-Spreewald – Teltow-Fläming III – Oberspreewald-Lausitz I,12,252744.0,194461.0,2731.0,191730.0,16.324518854639336,28.503624889167057,17.947634694622646,9.853961299744432,7.800031294007198,8.426433004746258,,3.0683774057268036
62,63,Frankfurt (Oder) – Oder-Spree,12,191387.0,142414.0,1824.0,140590.0,14.147521160822249,29.45728714702326,20.156483391421865,8.847713208620812,9.556867487018991,7.107191123123978,,2.666619247457145
63,64,Cottbus – Spree-Neiße,12,171267.0,128323.0,1768.0,126555.0,13.829560270238236,28.523566828651575,24.281142586227332,10.748686341906682,7.640946623997472,5.4829915846865,,2.2266998538184977
64,65,Elbe-Elster – Oberspreewald-Lausitz II,12,162410.0,120351.0,1887.0,118464.0,15.005402485143165,28.204349000540248,25.196684224743382,9.381753106428956,7.202188006482982,4.153160453808752,,3.087013776337115
65,66,Altmark,15,159998.0,108881.0,1137.0,107744.0,20.94501782001782,27.41405553905554,19.14630977130977,8.720671220671221,9.63487525987526,5.4146866646866645,,3.0498217998218
66,67,Börde – Jerichower Land,15,215532.0,148520.0,1557.0,146963.0,22.264107292311667,26.566550764478137,20.143845729877587,9.246545048753768,8.45518940141396,4.944782019964208,,1.862373522587318
67,68,Harz,15,207942.0,138572.0,1522.0,137050.0,22.260488872674205,27.238234221087193,18.088288945640276,9.14410798978475,9.266690988690259,5.468807004742795,,2.072236410069318
68,69,Magdeburg,15,229198.0,156789.0,1405.0,155384.0,18.47037017968388,26.400401585748856,15.089069659681819,9.443057200226535,10.586032023889205,10.523606034083304,,1.3257478247438603
69,70,Dessau – Wittenberg,15,169749.0,115204.0,1235.0,113969.0,23.462520509963237,26.18519070975441,18.978845124551412,9.127043318797217,8.454053295194306,5.730505663820864,,2.231308513718643
70,71,Anhalt,15,214563.0,139289.0,1843.0,137446.0,21.697975932366166,24.04944487289554,22.55649491436637,9.243630225688634,10.366980486882122,3.9797447724924697,,2.1113746489530434
71,72,Halle,15,209765.0,148576.0,1352.0,147224.0,17.85170896049557,23.56001738846927,14.884801391077543,10.290441775797424,11.669293050046187,13.52700646633701,,1.5955279030592837
72,73,Burgenland – Saalekreis,15,184352.0,125866.0,1287.0,124579.0,21.29973751595373,22.84494176386068,24.88380866759245,10.26256431661837,8.532738262467992,4.015122934041853,,1.307604010306713
73,74,Mansfeld,15,198676.0,133064.0,1483.0,131581.0,21.592023164438633,24.40245932163458,23.92138682636551,9.72176834041389,8.876661524080225,3.674542677134237,,1.6438543558720482
74,75,Berlin-Mitte,11,207483.0,152506.0,2087.0,150419.0,11.206031152979344,21.362327897406576,5.141637692046882,8.766179804413007,13.841336533283693,30.6610202168609,,0.5637585677341292
75,76,Berlin-Pankow,11,235647.0,184636.0,2252.0,182384.0,11.670431616808493,22.02715150451794,8.751864198613914,8.032502851127292,13.803842442319503,26.38992455478551,,1.0318887621721202
76,77,Berlin-Reinickendorf,11,176585.0,128577.0,2678.0,125899.0,24.04467072812334,24.977958522307564,9.766558908331282,10.688726677733738,4.641021771419948,15.552943232273488,,1.5083519328985933
77,78,Berlin-Spandau – Charlottenburg Nord,11,180251.0,126551.0,3022.0,123529.0,21.263023257696574,27.712520946498394,10.348177351067362,10.111795610747274,5.142921904977778,14.541524662225063,,0.908288741914854
78,79,Berlin-Steglitz-Zehlendorf,11,217814.0,177241.0,2372.0,174869.0,22.841670050151826,24.538368721728837,5.669958654764424,12.699792416037148,4.752700593015343,22.616930387890363,,0.7937370260023218
79,80,Berlin-Charlottenburg-Wilmersdorf,11,196800.0,155726.0,1943.0,153783.0,18.98714422270342,24.050772842251746,4.793117574764441,13.124337540560399,6.468205198233876,26.316953109251344,,0.6827802813054759
80,81,Berlin-Tempelhof-Schöneberg,11,231500.0,178035.0,2898.0,175137.0,18.204605537379308,24.769751680113284,6.22769603224904,9.523401679827792,7.514117519427647,25.242524423736846,,0.8673210115509573
81,82,Berlin-Neukölln,11,197037.0,139712.0,2701.0,137011.0,16.564363445270818,24.144046828356846,7.42568114968871,7.133733787798061,11.921670522804737,22.668252913999606,,0.7459255096306137
82,83,Berlin-Friedrichshain-Kreuzberg – Prenzlauer Berg Ost,11,220014.0,172469.0,1828.0,170641.0,6.979565286185618,19.18940934476474,4.095147121735105,6.340211320843174,18.097057565297906,36.74966743045341,,0.5074981979711792
83,84,Berlin-Treptow-Köpenick,11,207127.0,158748.0,2818.0,155930.0,13.184762393381646,23.448983518245367,12.26704290386712,8.106842814083242,15.958442891040853,16.123260437375745,,1.4205092028474315
84,85,Berlin-Marzahn-Hellersdorf,11,197988.0,137133.0,3017.0,134116.0,16.36941155417698,23.45954248560947,16.848101643353512,7.310089773032301,15.866861522860805,8.564973604939008,,1.020758149661487
85,86,Berlin-Lichtenberg,11,200673.0,145569.0,2706.0,142863.0,11.807815879548938,23.22014797393307,12.487488012991466,7.031211720319466,18.243352022567073,15.477765411618124,,1.3229457592238718
86,87,Aachen I,5,176306.0,140020.0,727.0,139293.0,22.809473555742212,21.95946673558614,3.896103896103896,10.791640642386911,5.350591917756097,29.018687227642452,,0.38121082897202296
87,88,Aachen II,5,226420.0,170670.0,1583.0,169087.0,29.474767427419017,31.58610656052801,7.338825574999852,10.581534949463887,3.110233193563077,11.779734692791285,,0.6688864312454535
88,89,Heinsberg,5,192346.0,145368.0,1397.0,143971.0,32.27455529238527,26.965152704364076,7.889783359148718,11.12932465565982,3.1457724124997393,11.709302567878254,,0.9550534482638864
89,90,Düren,5,199656.0,153645.0,1516.0,152129.0,30.380137909274367,28.960947616825194,8.657783854491912,11.243089746202237,3.0040294749850456,11.142517205792453,,0.8519085775887568
90,91,Rhein-Erft-Kreis I,5,249035.0,194862.0,1461.0,193401.0,28.473482556967127,28.290443172475836,6.937399496383162,12.526822508673687,2.9379372392076566,14.253287211544924,,0.7440499273530127
91,92,Euskirchen – Rhein-Erft-Kreis II,5,249198.0,192814.0,1540.0,191274.0,30.365339774355114,26.63665736064494,7.786735259366146,12.188797222832168,2.9957025000784214,13.677237889101498,,0.8511350209646894
92,93,Köln I,5,190630.0,140901.0,821.0,140080.0,19.770845231296402,26.365648201027987,5.970159908623644,10.736721873215306,5.901627641347802,23.91561964591662,,0.5375499714448886
93,94,Köln II,5,242483.0,204955.0,622.0,204333.0,20.473442860428808,21.138533668081024,2.8830389609118448,12.954344134329746,5.089241581144504,31.928273944981967,,0.38760258989003243
94,95,Köln III,5,204539.0,155242.0,840.0,154402.0,17.80093522104636,25.842281835727515,5.100970194686597,8.966852760974598,6.413777023613684,28.760637815572338,,0.4429994430123962
95,96,Bonn,5,230215.0,185557.0,1113.0,184444.0,22.52770488603587,22.576500184337796,4.201817353776756,11.87460692676368,5.435796230834291,27.20283663334129,,0.48632647307583876
96,97,Rhein-Sieg-Kreis I,5,238627.0,188217.0,1393.0,186824.0,27.552134629383808,26.51104783111378,7.281719693401276,12.376354215732455,3.4005266989251917,15.685886181646897,,0.7450862844174195
97,98,Rhein-Sieg-Kreis II,5,216063.0,176637.0,1216.0,175421.0,29.526111468980336,23.80159730020921,6.014673271729155,13.359289936780657,3.2419151640909583,17.687164022551464,,0.7427845012854789
98,99,Oberbergischer Kreis,5,206640.0,160146.0,1472.0,158674.0,27.74115482057552,26.72964694909059,9.586321640596443,12.475893971287041,3.2475389792908733,12.578620315867752,,0.9037397431211163
99,100,Rheinisch-Bergischer Kreis,5,217193.0,176933.0,1037.0,175896.0,27.416200482103058,25.25867558102515,5.714172010733615,13.856483376540682,2.968799745304043,18.35459589757584,,0.9647746395597399
100,101,Leverkusen – Köln IV,5,209102.0,154163.0,1163.0,153000.0,21.729411764705883,29.14117647058824,7.167320261437908,10.412418300653595,4.783006535947712,19.169281045751635,,0.6
101,102,Wuppertal I,5,202528.0,146699.0,1300.0,145399.0,20.99533009167876,29.175578924201677,8.31505030983707,10.98356935054574,5.539928060027923,17.460917888018486,,0.6630031843410202
102,103,Solingen – Remscheid – Wuppertal II,5,220204.0,163495.0,1277.0,162218.0,24.296317301409214,29.710636304232573,7.709378737254806,12.486900343981555,3.7455769396737724,14.977376123488146,,0.669469479342613
103,104,Mettmann I,5,203030.0,159457.0,1149.0,158308.0,27.3858554210779,26.77375748540819,6.732445612350607,13.31770978093337,3.1306061601435173,16.063622811228743,,0.7055865780630164
104,105,Mettmann II,5,160175.0,123769.0,877.0,122892.0,27.059531946749992,27.999381570810144,7.408130716401392,13.210786707027308,3.1629398170751557,14.738144061452333,,0.6176154672395273
105,106,Düsseldorf I,5,220827.0,175110.0,807.0,174303.0,25.755150513760523,21.91299059683425,4.29998336230587,15.916536146824784,3.867403314917127,22.63414858034572,,0.4882302656867638
106,107,Düsseldorf II,5,190102.0,142287.0,855.0,141432.0,22.370467786639516,25.221307766276375,6.01207647491374,12.256773573165903,4.900588268567227,22.289156626506024,,0.6073590135188642
107,108,Neuss I,5,213250.0,162167.0,1201.0,160966.0,29.923089348061083,27.185865338021692,7.018873550936222,12.631860144378315,2.963979970925537,13.637041362772262,,0.5348955680081509
108,109,Mönchengladbach,5,185185.0,129646.0,1241.0,128405.0,28.468517581091078,27.16171488649196,7.508274599898758,12.039250807990342,3.837077995405163,14.147424165725633,,0.6619679919006269
109,110,Krefeld I – Neuss II,5,200048.0,155726.0,1132.0,154594.0,29.519256892246787,25.49063999896503,6.042925339922636,14.275457003505956,3.027284370674153,15.533591213113057,,0.6345653776990051
110,111,Viersen,5,227166.0,175085.0,1333.0,173752.0,30.443390579676784,26.6903402550762,5.960794695888392,12.823449514250196,2.9944979050600855,14.775657258621482,,0.7637322160320457
111,112,Kleve,5,225463.0,171093.0,1326.0,169767.0,32.27541277162228,28.178032244193513,5.6736586026730755,11.511071056212337,2.7849935499832124,13.893748490578265,,0.876495431974412
112,113,Wesel I,5,206270.0,160625.0,1128.0,159497.0,26.673855934594382,33.40313610914312,6.892919616042935,10.847852937672808,3.199433218179652,12.93378558844367,,0.6056540248405926
113,114,Krefeld II – Wesel II,5,175852.0,131664.0,1048.0,130616.0,24.741226189747046,31.754149568199914,7.035125865131378,11.40671893183071,3.6006308568628653,14.959116800391989,,0.6262632449317083
114,115,Duisburg I,5,163394.0,118600.0,1006.0,117594.0,19.699984693096585,35.127642566797626,8.335459292140754,9.008112658809123,4.745140058166233,15.232069663418201,,0.66329914791571
115,116,Duisburg II,5,155265.0,98339.0,1173.0,97166.0,18.697898441841794,36.88738859271762,12.179157318403556,8.143795154683737,4.639482946709754,10.58703661774695,,0.693658275528477
116,117,Oberhausen – Wesel III,5,199156.0,145232.0,1216.0,144016.0,21.36568159093434,36.82507499166759,9.095517164759471,9.4246472614154,3.8974836129318966,12.460421064326185,,0.5881290967670258
117,118,Mülheim – Essen I,5,182895.0,139658.0,1069.0,138589.0,23.593503091875977,33.252278319347134,8.034548196465808,10.959022721861041,3.2426815981066315,14.598561213371914,,0.48849475788121716
118,119,Essen II,5,156298.0,105472.0,1063.0,104409.0,20.15056173318392,33.869685563505065,11.03448936394372,9.128523403154901,4.3339175741554845,13.381030370945032,,0.612016205499526
119,120,Essen III,5,190335.0,152860.0,797.0,152063.0,24.36687425606492,28.0337754746388,5.5227109816326125,11.83391094480577,4.022674812413276,20.231088430453166,,0.555690733446006
120,121,Recklinghausen I,5,165193.0,121640.0,903.0,120737.0,23.180963582000548,35.2435458889984,9.050249716325567,9.929847519815798,3.5109369952872775,12.572782162882962,,0.49197843246063755
121,122,Recklinghausen II,5,186413.0,137841.0,1103.0,136738.0,24.579853442349602,35.51536515087247,9.157659173017011,9.924819728239406,2.986733753601779,11.428425163451273,,0.46366043089704395
122,123,Gelsenkirchen,5,168496.0,112317.0,1033.0,111284.0,19.851011825599368,37.135616979979154,12.763739621149492,8.735307860968334,3.4623126415297794,10.037381833866505,,0.6496890837856295
123,124,Steinfurt I – Borken I,5,202388.0,156894.0,975.0,155919.0,33.75149917585413,28.72517140310033,5.3777923152406055,11.405280947158461,2.8662318254991375,13.163886376900827,,0.6009530589601011
124,125,Bottrop – Recklinghausen III,5,199344.0,148734.0,1111.0,147623.0,24.937848438251493,34.97896669218211,9.415199528528753,9.92189563956836,3.0374670613657764,11.132411616076086,,0.4477622050764447
125,126,Borken II,5,201103.0,162159.0,883.0,161276.0,36.64649420868573,26.230189240804584,4.7893052903097795,11.831270616830775,2.4268955083211385,13.478756913613928,,0.6547781442992138
126,127,Coesfeld – Steinfurt II,5,194695.0,161064.0,882.0,160182.0,34.479529535153766,26.62409009751408,4.5816633579303545,11.191644504376272,2.5552184390256083,15.92313743117204,,0.6230412905320198
127,128,Steinfurt III,5,195513.0,155635.0,1103.0,154532.0,27.520513550591463,32.7149069448399,5.987756581161183,10.426966582973106,3.056324903579841,15.528175394093132,,0.526104625579168
128,129,Münster,5,233953.0,196276.0,820.0,195456.0,22.404019318926,23.454895219384415,2.8666298297314996,10.63461853307138,4.9862884741322855,30.715864440078583,,0.35353225278323513
129,130,Warendorf,5,208754.0,165808.0,1186.0,164622.0,31.418643923655402,28.943883563557726,6.3982942741553375,11.05137830909599,2.748721313068727,14.159103886479329,,0.6159565550169479
130,131,Gütersloh I,5,234177.0,179726.0,1378.0,178348.0,29.39253594096934,26.560993114584967,7.456769910512033,11.893040572364141,2.9005091170071995,15.872339471146299,,0.8079709332316596
131,132,Bielefeld – Gütersloh II,5,243059.0,185345.0,1182.0,184163.0,20.28366175616166,27.154748782328696,6.759229595521359,11.217236904264158,6.2238343206833076,21.807312000781916,,0.37846907359241544
132,133,Herford – Minden-Lübbecke II,5,226894.0,170464.0,1408.0,169056.0,23.524157675563124,31.5629140639788,9.549498391065683,11.761783077796705,3.571597577134204,13.446431951542683,,0.799734999053568
133,134,Minden-Lübbecke I,5,201888.0,152935.0,1363.0,151572.0,23.628374633837385,32.55944369672499,9.165281186498826,11.53643153088961,3.2044177024780303,13.03802813184493,,0.9091388910880637
134,135,Lippe I,5,224415.0,172402.0,1531.0,170871.0,22.824821063843483,31.093632038204262,9.82554090512726,11.834073657905671,3.753708938321892,13.621972131022819,,0.7888992280726396
135,136,Höxter – Gütersloh III – Lippe II,5,172435.0,134346.0,1258.0,133088.0,32.50856576100024,27.239871363308488,8.66569487857658,11.63741283962491,2.8267011300793463,11.05809689829286,,0.7694157249338783
136,137,Paderborn,5,231534.0,178377.0,1395.0,176982.0,33.00844153642743,22.08642686826909,8.113819484467347,12.361144071148477,3.3099411239561087,15.245053169248852,,0.6424382140556667
137,138,Hagen – Ennepe-Ruhr-Kreis I,5,201594.0,144751.0,1142.0,143609.0,23.821626778265987,33.00628790674679,9.581572185587255,11.266007005131991,3.382100007659687,12.00272963393659,,0.717921578731138
138,139,Ennepe-Ruhr-Kreis II,5,175283.0,136706.0,1006.0,135700.0,22.000736919675756,33.65070007369197,7.1142225497420775,10.635224760501105,3.705969049373618,16.168754605747974,,0.6212232866617539
139,140,Bochum I,5,202393.0,154691.0,1103.0,153588.0,19.409719509336668,32.6601036539313,6.661978800427117,9.49488241268849,5.355236086152564,20.050394562075162,,0.4140948511602469
140,141,Herne – Bochum II,5,173939.0,123045.0,1204.0,121841.0,19.01166274078512,38.22851092817688,9.752053906320532,8.718739997209477,4.127510443939232,12.62547090059996,,0.6713667812969362
141,142,Dortmund I,5,206727.0,155814.0,940.0,154874.0,17.948138486769892,32.359853816650954,6.938543590273384,9.394733783591823,4.885261567467748,20.576081201492826,,0.4894301173857458
142,143,Dortmund II,5,199317.0,143855.0,1065.0,142790.0,19.36410112752994,35.77281322221444,7.906716156593599,9.544786049443237,4.4547937530639405,15.206947265214652,,0.5875761607955738
143,144,Unna I,5,194493.0,148083.0,1147.0,146936.0,21.77478630151903,36.40360429030326,7.777535797898405,10.40316872652039,3.50764958893668,13.62634071976915,,0.7404584308814721
144,145,Hamm – Unna II,5,231226.0,168760.0,1332.0,167428.0,24.156055140119932,35.37460878706071,9.255918962180758,10.012662159256516,3.4008648493680864,11.437155075614593,,0.7418114054996774
145,146,Soest,5,231811.0,179003.0,1174.0,177829.0,29.071186364428748,28.713539411457074,7.98857329232015,11.811909193663576,3.104105629565481,13.546159512790377,,0.6613094602117764
146,147,Hochsauerlandkreis,5,200496.0,156518.0,1024.0,155494.0,33.452737726214515,28.70850322198927,7.416363332347228,12.03390484520303,2.5653722973233695,9.950866271367383,,1.018045712374754
147,148,Siegen-Wittgenstein,5,207672.0,162162.0,1164.0,160998.0,26.187281829587945,31.259394526640083,9.1361383371222,11.551075168635636,3.5565659200735413,11.082125243791848,,0.8323084758816881
148,149,Olpe – Märkischer Kreis I,5,203350.0,154830.0,1159.0,153671.0,32.77391310006442,27.56668467049736,8.524705377071797,12.511794678241179,2.700574604186867,9.919243058221786,,0.8140768264669326
149,150,Märkischer Kreis II,5,195816.0,143689.0,1081.0,142608.0,28.306967351060248,29.612644451924158,9.173398406821496,12.008442724110848,3.3686749691461912,10.434197239986537,,0.8611017614720072
150,151,Nordsachsen,14,161279.0,119206.0,1449.0,117757.0,19.53174758188473,21.002573095442308,27.230652954813728,10.59469925354756,7.530762502441468,4.6383654474893214,,2.841444669955926
151,152,Leipzig I,14,224100.0,167696.0,1277.0,166419.0,14.99408120467014,20.879827423551397,15.557718770092357,10.611769088866055,12.549047885157345,15.531880374236115,,1.5893617916223508
152,153,Leipzig II,14,231178.0,180880.0,1043.0,179837.0,13.101308407057502,20.92672809266169,11.239622547084306,9.69711460934068,14.719996441221772,21.277045324377074,,1.2166573063385178
153,154,Leipzig-Land,14,212853.0,162283.0,1836.0,160447.0,20.387417651934907,21.255617119671914,23.96928580777453,11.419347198763456,7.7047249247415035,5.846790528959719,,2.4762070964243645
154,155,Meißen,14,197004.0,149341.0,1747.0,147594.0,17.556269225036246,17.6463812892123,29.77085789395233,11.66172066615174,7.26655555103866,6.011084461427972,,2.9215279753919536
155,156,Bautzen I,14,206895.0,159233.0,2145.0,157088.0,18.59658280708902,16.980291301690773,31.861122428193116,10.941001222244855,7.81218170706865,3.9767518842941536,,2.646287431248727
156,157,Görlitz,14,204105.0,153057.0,2064.0,150993.0,18.298861536627527,16.849125456146975,32.53329624552131,9.960064373845146,7.501672262952587,4.873073586192738,,2.4140191929427193
157,158,Sächsische Schweiz-Osterzgebirge,14,199703.0,154159.0,2005.0,152154.0,17.10635277416302,15.474453514202716,31.92817803015366,11.70787491620332,7.658687908303429,5.27294714565506,,3.311776226717668
158,159,Dresden I,14,228643.0,181120.0,1394.0,179726.0,15.417913935657612,18.98723612610307,17.872761870847846,12.2347350967584,10.521571725849348,15.228180675027541,,1.6508462882387633
159,160,Dresden II – Bautzen II,14,234432.0,189409.0,1404.0,188005.0,13.849099757985158,16.28680088295524,19.15002260578176,12.172016701683466,11.123640328714663,16.629876864976996,,1.842504188718385
160,161,Mittelsachsen,14,193828.0,147733.0,1741.0,145992.0,17.53726231574333,18.494164063784314,30.016028275521943,11.573921858731985,8.005233163461012,4.672858786782838,,2.196010740314538
161,162,Chemnitz,14,188691.0,140700.0,1121.0,139579.0,14.839624871936321,23.367412003238307,21.556967738699946,11.306142041424568,10.7523338037957,9.084461129539543,,1.4307309838872608
162,163,Chemnitzer Umland – Erzgebirgskreis II,14,177211.0,137423.0,1441.0,135982.0,18.13622391198835,20.236501889956024,27.342589460369755,11.116912532541072,8.211380918062684,4.513832713153212,,3.292347516583077
163,164,Erzgebirgskreis I,14,210941.0,161756.0,2121.0,159635.0,19.632286152786044,18.071224981990163,30.565978638769693,10.154414758668212,7.5660099602217565,3.2536724402543302,,3.18163310051054
164,165,Zwickau,14,197831.0,147142.0,1596.0,145546.0,18.56732579390708,21.105355008038696,25.147376087285117,10.602146400450717,9.364049853654514,4.901543154741456,,2.751020295988897
165,166,Vogtlandkreis,14,184973.0,137816.0,1673.0,136143.0,19.6719625687696,22.355905187927398,25.05600728645615,10.06882469168448,8.856863738862813,4.600309968195206,,1.582894456564054
166,167,Waldeck,6,184073.0,138130.0,2087.0,136043.0,22.339995442617408,36.06506766243026,9.481560977044023,11.237623398484303,3.2644090471395075,10.860536742059496,,2.05155722822931
167,168,Kassel,6,218474.0,162809.0,1980.0,160829.0,17.523580946222385,32.21558301052671,7.549011683216335,10.227011297713721,6.539865322796262,18.869731205193094,,1.134123820952689
168,169,Werra-Meißner – Hersfeld-Rotenburg,6,171886.0,130905.0,1879.0,129026.0,21.597972501666334,37.65055105172601,11.547285043324601,9.925906406460713,3.506270054097624,8.986560848201137,,2.1189527692093066
169,170,Schwalm-Eder,6,185944.0,141494.0,2323.0,139171.0,21.493701992512808,35.998879076819165,10.81187891155485,11.081331599255591,3.169482147861264,10.12351711204202,,2.471779321841476
170,171,Marburg,6,181588.0,141581.0,1312.0,140269.0,22.130335284346504,30.012333445023494,8.952797838439,10.543313205341166,5.766776693353485,15.931531557222195,,1.259722390549587
171,172,Lahn-Dill,6,206532.0,153384.0,1984.0,151400.0,24.917437252311757,29.422721268163805,11.567371202113605,11.444517833553501,3.3698811096433285,11.200132100396301,,2.0151915455746368
172,173,Gießen,6,217514.0,161919.0,2217.0,159702.0,22.667843859187737,27.5801179697186,9.28980225670311,10.711199609272269,5.026862531464853,16.348574219483787,,2.314936569360434
173,174,Fulda,6,208542.0,163560.0,1856.0,161704.0,31.113639736803044,22.475016078761193,13.260649087221097,12.694800375995646,2.750086577944887,10.094988373818829,,1.9393459654677683
174,175,Main-Kinzig – Wetterau II – Schotten,6,178307.0,137070.0,2033.0,135037.0,24.20447729140902,27.357687152410083,12.64764471959537,12.623206972903722,3.1902367499277973,11.114731518028393,,2.543747269266942
175,176,Hochtaunus,6,179842.0,144012.0,1330.0,142682.0,26.16377679034496,24.64992080290436,7.818785831429333,15.416100138770133,3.112515944548016,15.759521172958046,,1.5741298832368484
176,177,Wetterau I,6,176897.0,138935.0,1678.0,137257.0,23.6191961065738,26.16187152567811,8.509584210641352,13.873973640688636,3.5735882322941634,15.967855919916651,,2.048711541123586
177,178,Rheingau-Taunus – Limburg,6,220466.0,172247.0,1765.0,170482.0,26.05143064957004,25.637897256015297,8.518787907227743,13.928156638237468,3.1645569620253164,14.856700414119967,,2.033059208596802
178,179,Wiesbaden,6,186735.0,136214.0,1348.0,134866.0,21.14914062847567,24.873578218379723,7.109278839737221,14.048759509438998,5.285246096125042,19.884922812272922,,1.0462236590393428
179,180,Hanau,6,176271.0,131412.0,1760.0,129652.0,22.53956745750162,27.565328726128406,10.225064017523833,13.233887637676242,3.816369975010027,14.082312652330856,,1.6814241199518711
180,181,Main-Taunus,6,195514.0,157718.0,1437.0,156281.0,27.041035058644365,22.055144259378938,6.67195628387328,16.85105675034073,3.0125223155725904,17.130041399786283,,1.5811263045411792
181,182,Frankfurt am Main I,6,201216.0,145010.0,1247.0,143763.0,18.02619589184978,22.60595563531646,5.457593400249021,14.8584823633341,7.22299896357199,23.525524648205728,,0.8235776938433393
182,183,Frankfurt am Main II,6,227207.0,175004.0,1353.0,173651.0,18.23197102233791,22.330421362387778,4.715204634583158,14.701902090975578,6.853401362502952,25.551249344950506,,0.8707119452234655
183,184,Groß-Gerau,6,174082.0,129261.0,1677.0,127584.0,21.398451216453473,29.763136443441184,8.814584900928017,11.756176323049912,4.2278028592927015,14.835716077251066,,1.942249811888638
184,185,Offenbach,6,219511.0,158052.0,2238.0,155814.0,22.946590165196966,24.900843313181102,7.764385741974405,13.236936347183178,4.997625373843172,17.368144069210725,,1.499223433067632
185,186,Darmstadt,6,240763.0,188916.0,1888.0,187028.0,18.431464807408517,26.345253117180317,6.519879376350065,11.899822486472614,5.755287978270633,22.428727249395813,,1.1436790213230104
186,187,Odenwald,6,233901.0,179830.0,2704.0,177126.0,24.195770242652124,27.956370041665256,9.02351998012714,12.664995539898152,3.575420886826327,13.941487980307803,,1.8755010557456275
187,188,Bergstraße,6,197782.0,153176.0,1733.0,151443.0,24.47389446854592,27.15477110199877,9.493340728855081,13.491544673573555,3.0565955508012914,14.168366976354141,,1.7980362248502735
188,189,Eichsfeld – Nordhausen – Kyffhäuserkreis,16,209203.0,154488.0,1810.0,152678.0,22.04770824873263,24.418711274708865,22.462961264884264,8.969858132802369,9.933323727059564,4.700087766410354,,1.8509542959692946
189,190,Eisenach – Wartburgkreis – Unstrut-Hainich-Kreis,16,212267.0,156113.0,1892.0,154221.0,18.317220093242813,24.87534123109045,24.469430233236718,8.596754008857419,10.291724213952705,4.8430499088969725,,2.5171669227926157
190,191,Jena – Sömmerda – Weimarer Land I,16,198697.0,154163.0,1588.0,152575.0,15.644109454366706,22.411928559724725,19.834835326888413,9.221694248730133,12.783876781910536,10.951335408815337,,2.4329018515484186
191,192,Gotha – Ilm-Kreis,16,190519.0,142566.0,1918.0,140648.0,15.513907058756612,23.773533928673,25.966952960582447,8.621523235310848,10.98771400944201,5.759058074057221,,2.7088902792787666
192,193,Erfurt – Weimar – Weimarer Land II,16,217944.0,166604.0,1606.0,164998.0,14.291082316149287,23.865743827197903,16.24443932653729,9.396477533061006,13.97289664117141,13.231069467508696,,1.3103189129565207
193,194,Gera – Greiz – Altenburger Land,16,229588.0,168147.0,2104.0,166043.0,16.44333094439392,21.877465475810485,28.100552266581545,9.763735899736815,11.241666315352047,4.41512138421975,,1.4652830893202362
194,195,Saalfeld-Rudolstadt – Saale-Holzland-Kreis – Saale-Orla-Kreis,16,219437.0,166531.0,1908.0,164623.0,16.405970004191396,21.272240209448253,28.17407045188097,9.37171598136348,11.231115943701669,4.484792525953239,,2.477782569871768
195,196,Suhl – Schmalkalden-Meiningen – Hildburghausen – Sonneberg,16,230071.0,171108.0,1983.0,169125.0,16.51027346637103,25.097413155949745,26.354471544715448,8.271988174427198,10.930376940133039,4.269623059866962,,2.511160384331116
196,197,Neuwied,7,238118.0,181837.0,1544.0,180293.0,26.81080241606718,29.961229775975774,9.708640934478877,11.509598265046343,3.004553698701558,10.49957569068128,,3.25026484666626
197,198,Ahrweiler,7,195109.0,148466.0,1379.0,147087.0,28.515096507509163,28.760529482551146,7.697485161842992,11.886842480980645,2.618178357026794,12.023496298109283,,3.3368006689918213
198,199,Koblenz,7,193035.0,147127.0,1224.0,145903.0,26.015914683042844,29.346209467934177,7.145843471347401,11.220468393384646,3.2925985072274044,14.397921907020416,,3.3775864786878955
199,200,Mosel/Rhein-Hunsrück,7,171102.0,134717.0,1455.0,133262.0,29.0135222343954,28.526511683750805,8.300190601972055,12.504690009154897,2.795245456319131,9.177409914304151,,4.367336525040897
200,201,Kreuznach,7,182380.0,138109.0,1451.0,136658.0,24.46472215311215,32.38668793630816,9.885992770273237,11.491460434076307,3.2592310731900076,9.44181826164586,,3.37777517598677
201,202,Bitburg,7,163493.0,124449.0,1395.0,123054.0,30.137988200302306,27.90888552992995,7.146456027435109,11.374681034342645,2.653306678368846,9.273164626911761,,6.875030474425861
202,203,Trier,7,190530.0,147171.0,1540.0,145631.0,23.74357108033317,30.297807472310158,6.180689550988458,11.12812519312509,3.922241830379521,15.592833943322507,,3.693581723671471
203,204,Montabaur,7,210816.0,164165.0,1454.0,162711.0,26.504047052749968,30.327390280927535,8.951453804598337,11.69005168673292,2.8824111461425472,10.34472162300029,,3.9530210004240645
204,205,Mainz,7,249630.0,202670.0,1382.0,201288.0,21.193016970708637,26.77208775485871,5.381840944318588,11.514844402050793,4.678868089503597,22.943742299590635,,1.7909661778148722
205,206,Worms,7,212943.0,166636.0,1814.0,164822.0,22.780939437696425,30.127046146752257,10.334178689738021,12.191940396306318,3.0748322432684954,12.619067842885052,,2.8812901190375073
206,207,Ludwigshafen/Frankenthal,7,210969.0,154911.0,1653.0,153258.0,22.006029049054536,29.94623445431886,11.793837842070234,12.019600934372104,3.034751856346814,11.828420049850578,,3.1247960954729934
207,208,Neustadt – Speyer,7,219416.0,173828.0,1506.0,172322.0,23.97952670001509,27.34473833869152,10.154826429591115,12.664082357447104,2.8319077076635604,13.897819198941516,,3.7023711423962116
208,209,Kaiserslautern,7,224701.0,169206.0,1742.0,167464.0,19.840682176467777,32.52042229971815,12.362059905412506,10.295944202933168,3.8115654707877513,10.51629006831319,,4.8022261500979315
209,210,Pirmasens,7,174093.0,132470.0,1747.0,130723.0,25.632061687690765,29.26875913190487,13.14076329337607,10.995769680928376,3.218255394995525,7.5556711519778466,,3.775158158854983
210,211,Südpfalz,7,217000.0,171259.0,1583.0,169676.0,23.233103090596195,27.71635352082793,10.432824913364295,12.447252410476437,3.299229119026851,13.485702161767133,,3.237346472099767
211,212,Altötting,9,168656.0,129441.0,681.0,128760.0,,14.219478098788443,10.826343584964276,10.327741534638086,2.1505125815470643,9.512270891581236,34.218701460080766,11.538521279900591
212,213,Erding – Ebersberg,9,200569.0,168337.0,734.0,167603.0,,15.32967786972787,7.295812127467885,12.06899637834645,2.176572018400625,14.68947453207878,33.40751657189907,8.272524954803911
213,214,Freising,9,237250.0,194002.0,883.0,193119.0,,15.060662078821865,9.06953743546725,11.256272039519674,2.307385601623869,13.491681294952853,32.58612565309472,9.724056151906337
214,215,Fürstenfeldbruck,9,231905.0,192779.0,927.0,191852.0,,16.23178283260013,6.884994683401789,12.012384546421199,2.1850176177470133,15.916956820882763,33.329858432541755,6.424222838437962
215,216,Ingolstadt,9,238384.0,187395.0,856.0,186539.0,,16.935868638729705,10.021496845163746,10.612794107398454,2.3855601241563424,11.16817394753912,34.61849800845936,8.352140839181082
216,217,München-Nord,9,223683.0,175551.0,649.0,174902.0,,19.005500222982015,4.716927193514082,14.83859532766921,4.027398200134933,25.64922070645276,22.861945546648982,2.5134075082045944
217,218,München-Ost,9,242591.0,193958.0,687.0,193271.0,,18.681540427689615,4.645290809278164,14.027971087229849,3.6632500478602585,24.65294845062115,25.500980488536822,2.6139462205918114
218,219,München-Süd,9,214606.0,172970.0,599.0,172371.0,,19.212628574412168,4.58893897465351,12.470195102424423,4.44912427264447,26.43252055160091,23.54514390471715,2.740600216973853
219,220,München-West/Mitte,9,242252.0,198272.0,647.0,197625.0,,18.981910183428212,4.251992409867173,13.359139784946237,4.158886780518659,27.477798861480075,23.043643263757115,2.548260594560405
220,221,München-Land,9,234912.0,199333.0,723.0,198610.0,,17.214138260913348,5.2812043703741,14.448416494637733,2.2400684759075573,18.53733447459846,32.56079754292331,3.8326368259402854
221,222,Rosenheim,9,237390.0,191410.0,849.0,190561.0,,14.381746527358693,8.69537838277507,12.095339550065333,2.4175985642392726,13.623983921159105,31.02733507905605,9.58275827687722
222,223,Bad Tölz-Wolfratshausen – Miesbach,9,166662.0,136106.0,750.0,135356.0,,13.502172050001477,8.004816927214161,12.594934838499954,2.148408640917285,13.400218682585182,34.20904873075445,9.257809036910073
223,224,Starnberg – Landsberg am Lech,9,214828.0,180978.0,714.0,180264.0,,15.85674344295034,6.138774242222518,13.2544490303111,2.466382638796432,18.119535791949584,32.122886433231265,5.007100696755869
224,225,Traunstein,9,208815.0,163876.0,817.0,163059.0,,15.448395979369431,8.602407717451966,9.657240630691959,2.418143126107728,12.256299866919337,31.535211181228878,13.105072397107795
225,226,Weilheim,9,168473.0,138039.0,879.0,137160.0,,14.528288130650335,7.927238261883931,10.433799941673957,2.277631962671333,13.412802566345874,35.12540099154272,8.356663750364538
226,227,Deggendorf,9,166186.0,127193.0,549.0,126644.0,,15.692018571744418,14.142793973658444,8.510470294684312,1.8169040775717762,6.724361201478159,33.28543002432014,14.375730393859953
227,228,Landshut,9,246854.0,195589.0,823.0,194766.0,,15.881108612386146,10.254869946499902,10.373473809597158,2.149245761580563,10.313401723093353,33.05659098610641,12.192579813725187
228,229,Passau,9,177563.0,136625.0,573.0,136052.0,,17.560932584600007,11.77711463264046,9.394937229882693,2.2733954664393026,9.294240437479786,32.498603475141856,12.109340546261723
229,230,Rottal-Inn,9,173632.0,133885.0,639.0,133246.0,,14.340392957387088,12.29605391531453,9.68434324482536,1.8664725395133812,7.125917475946745,34.28770844903411,14.942287198114764
230,231,Straubing,9,173772.0,132955.0,712.0,132243.0,,15.07679045393707,13.159108610663703,8.773999379929373,1.8662613522076783,6.778430616365327,35.34553813812452,13.512246394894248
231,232,Amberg,9,216071.0,173297.0,939.0,172358.0,,18.303182909989673,10.41901159215122,8.741688810499078,2.3758688311537615,9.393819840100257,35.0607456572947,9.475626312674782
232,233,Regensburg,9,248192.0,198937.0,762.0,198175.0,,17.440645893780747,8.751356124637317,9.472940582818216,3.4303015011984357,16.194777343257222,30.875236533366973,8.38551785038476
233,234,Schwandorf,9,222424.0,174957.0,812.0,174145.0,,17.92127250279939,13.499095581268483,7.264061557897154,1.9489505871543829,6.41936317436619,34.12673346923541,14.421315570358034
234,235,Weiden,9,165807.0,132247.0,891.0,131356.0,,22.428362617619293,11.341697372027163,7.309144614635038,2.1544505009287738,6.981028654952952,35.36267852248851,9.186485581168732
235,236,Bamberg,9,182586.0,148660.0,592.0,148068.0,,17.35553934678661,9.646918983169893,9.68203798254856,3.158008482589081,14.789150930653483,33.40559742820866,6.20255558257017
236,237,Bayreuth,9,162430.0,129136.0,606.0,128530.0,,20.683109001789465,9.053139344900023,9.351902279623433,2.562825799424259,12.17381156150315,34.0527503306621,6.890998210534506
237,238,Coburg,9,156571.0,123864.0,704.0,123160.0,,25.24114972393634,10.422215004871711,8.674082494316336,2.531666125365378,9.304157193894122,31.94462487820721,6.109126339720689
238,239,Hof,9,162872.0,125334.0,775.0,124559.0,,24.426978379723664,11.689239637440892,8.471487407573921,2.411708507614865,7.729670276736325,33.163400476882444,6.386531683780378
239,240,Kulmbach,9,168923.0,137178.0,671.0,136507.0,,19.785798530478292,11.555451368794275,8.35048752078648,2.1845033588021128,8.76585083548829,36.18056216897302,7.633308181997993
240,241,Ansbach,9,243174.0,192508.0,1022.0,191486.0,,19.657833993085656,9.996553272824123,8.466937530681093,2.5610227379547332,11.65881578809939,33.05672477361269,7.696646230011593
241,242,Erlangen,9,187299.0,155377.0,669.0,154708.0,,19.485740879592523,7.027432324120278,10.382139255888513,3.7599865553171137,20.181244667373374,28.86987098275461,4.577009592264137
242,243,Fürth,9,250730.0,197939.0,996.0,196943.0,,21.493020823283896,8.983309891694551,9.528137582955475,3.5269088010236462,15.120110895030543,29.945720335325447,4.909542354894563
243,244,Nürnberg-Nord,9,188283.0,145212.0,726.0,144486.0,,20.923826529906012,6.150768932630151,10.168459227883671,5.9708207023517845,23.56975762357599,23.77323754550614,2.506125160915244
244,245,Nürnberg-Süd,9,177316.0,129560.0,847.0,128713.0,,22.682246548522684,10.023074592310023,8.93072183850893,3.8014808139038014,13.74142472011374,30.03814688493004,3.444096555903444
245,246,Roth,9,229279.0,189675.0,945.0,188730.0,,20.551051767074657,8.500503364594925,8.99380066762041,2.6227944682880304,13.880676098129602,32.31070841943517,6.676733958565145
246,247,Aschaffenburg,9,182652.0,146772.0,1052.0,145720.0,,20.746637386769144,9.412572055997805,11.116524842163052,2.791655229206698,14.165522920669776,31.38827889102388,3.9239637661268185
247,248,Bad Kissingen,9,214061.0,174164.0,1059.0,173105.0,,17.642471332428293,10.649028046561336,8.787152306403629,2.784437191300078,9.170156841223536,37.585858294098955,7.301348892290806
248,249,Main-Spessart,9,194408.0,158133.0,1066.0,157067.0,,20.864344515397885,8.861186627362844,9.009530964492859,2.3461325421635353,11.336563377412187,34.441989724130465,6.682498551573532
249,250,Schweinfurt,9,196710.0,157357.0,1005.0,156352.0,,19.495753172329103,10.033130372492836,9.6186809250921,3.151862464183381,10.927266680311092,34.8195098239869,5.832352640196479
250,251,Würzburg,9,224907.0,185659.0,957.0,184702.0,,20.07503979383006,6.616062630615803,10.411365334430595,3.8045067189310346,19.292698508949552,30.29582787408907,3.720046344923174
251,252,Augsburg-Stadt,9,207543.0,153315.0,855.0,152460.0,,19.15256460711006,9.10927456382002,11.130132493768857,4.559884559884559,19.002361275088546,25.352879443788535,4.227994227994228
252,253,Augsburg-Land,9,249372.0,204737.0,1070.0,203667.0,,16.40177348318579,9.565123461336396,10.949736579809198,2.050405809483127,12.867573048161951,33.330387347974884,8.148104503920615
253,254,Donau-Ries,9,195774.0,157033.0,818.0,156215.0,,16.50545722241782,10.96885702397337,9.981755913324584,1.8276093845021286,9.545178119898857,35.162436385750404,9.584867010210287
254,255,Neu-Ulm,9,241919.0,188813.0,1099.0,187714.0,,16.993937585901957,11.876045473432988,11.73007873680173,2.3493186443206153,11.061508465005273,31.44570996302886,7.336693054327329
255,256,Oberallgäu,9,228803.0,181755.0,1014.0,180741.0,,16.548541836108022,7.93953779164661,11.592831731593828,2.790180423921523,15.155941374674258,30.439689943067705,8.282570086477335
256,257,Ostallgäu,9,250575.0,198667.0,1024.0,197643.0,,15.641333110709715,10.007437652737512,10.909063311121567,2.533355595695269,11.997389232100302,31.690978177825674,9.099740441098344
257,258,Stuttgart I,8,191811.0,157514.0,676.0,156838.0,20.107371937923208,19.767530827988114,4.202425432611995,16.60056873971869,5.181779925783292,28.41084431069001,,0.6937094326630026
258,259,Stuttgart II,8,178958.0,133588.0,892.0,132696.0,21.40456381503587,22.757279797431725,7.190118767709652,15.277777777777779,5.078525351178634,21.267408211249776,,0.9088442756375474
259,260,Böblingen,8,245553.0,195335.0,1221.0,194114.0,26.105793502787023,20.583265503776133,8.659859670090771,18.07288500571829,2.6484436980331147,16.791163955201583,,1.7031229071576497
260,261,Esslingen,8,166628.0,131888.0,767.0,131121.0,25.30105780157259,22.766757422533384,7.422914712364914,15.940238405747365,3.098664592246856,18.22896408660703,,1.501666399737647
261,262,Nürtingen,8,205967.0,165777.0,1207.0,164570.0,26.02296894938324,20.65686334082761,8.705717931579267,17.50440542018594,2.6475056207085133,16.83295861943246,,1.6430698183143952
262,263,Göppingen,8,177107.0,135606.0,1183.0,134423.0,26.09598059855828,23.375464020294146,11.465299837081453,16.1601809214197,2.48320599897339,12.584155985210865,,1.878398785922052
263,264,Waiblingen,8,221775.0,175841.0,1092.0,174749.0,25.743781080292305,21.60412935124092,8.854986294628295,17.739157305621205,2.861818951753658,15.506812628398444,,1.4031553828634211
264,265,Ludwigsburg,8,215312.0,171843.0,1001.0,170842.0,24.757963498437153,21.823673335596634,8.377916437410004,16.161716673885813,3.0876482363821545,18.398871471886306,,1.6184544784069492
265,266,Neckar-Zaber,8,230738.0,186673.0,1237.0,185436.0,24.976272137017624,22.309044629953192,10.085420306736555,16.60033650423866,2.6159968938070275,15.664703725274487,,1.751547703789987
266,267,Heilbronn,8,240951.0,182804.0,1749.0,181055.0,23.92919278672227,22.623512192427718,13.160641793930022,16.2304272182486,2.8372593963160364,12.966225732512221,,1.8104995719532737
267,268,Schwäbisch Hall – Hohenlohe,8,225874.0,172687.0,1457.0,171230.0,24.497459557320564,21.76721368918998,12.723821760205572,16.26467324651054,2.908368860596858,13.276879051568066,,1.717572855223968
268,269,Backnang – Schwäbisch Gmünd,8,177062.0,136436.0,1012.0,135424.0,25.83810845935728,21.66602670132325,11.799237948960302,15.8000059073724,2.8997814272211717,13.719133979206049,,1.4960420604914935
269,270,Aalen – Heidenheim,8,220686.0,168655.0,1410.0,167245.0,27.41606625011211,23.598911776136806,10.724984304463511,14.686238751532182,2.7133845555920955,12.691560285808245,,2.1585099704027026
270,271,Karlsruhe-Stadt,8,205608.0,159591.0,1123.0,158468.0,17.667920337228967,21.346896534316077,6.798848978973673,13.008935557967538,5.622586263472751,27.772799555746268,,0.9074387257995306
271,272,Karlsruhe-Land,8,209147.0,167946.0,1313.0,166633.0,25.703792166017536,23.089063990926167,9.5233237113897,14.798989395857964,2.6903434493767744,16.184669303199247,,1.8009637946865265
272,273,Rastatt,8,204890.0,155331.0,1531.0,153800.0,26.979843953185956,23.69440832249675,10.61963589076723,13.81664499349805,2.7828348504551363,14.256176853055916,,1.950585175552666
273,274,Heidelberg,8,218431.0,177868.0,1064.0,176804.0,20.80439356575643,22.7794620031221,6.120336643967331,13.144498993235448,4.8777176986946,25.629510644555552,,1.1374177054817765
274,275,Mannheim,8,196863.0,142132.0,1165.0,140967.0,18.21844828931594,25.290316173288787,9.112771074081168,13.134279654103443,5.01252066086389,21.149630764647046,,1.3272609901608179
275,276,Odenwald – Tauber,8,209418.0,162058.0,1564.0,160494.0,30.44724413373709,22.16780689620796,11.968048649793763,13.049085947138211,2.5446434134609395,11.058357321769039,,2.9290814609891958
276,277,Rhein-Neckar,8,196882.0,154085.0,1403.0,152682.0,25.45879671474044,23.478209612135025,10.283464979499875,14.370390746780892,2.8294101465791646,15.766102094549456,,1.7159848574160672
277,278,Bruchsal – Schwetzingen,8,195755.0,152231.0,1455.0,150776.0,25.77731203905131,22.837852178065475,11.581418793441928,14.576590438796625,2.7358465538281957,13.833766647211757,,2.1608213508781238
278,279,Pforzheim,8,217126.0,163982.0,1365.0,162617.0,24.18197359439665,21.069137913010323,13.545939231445667,16.298418984485018,2.670077544168199,13.044761617789039,,1.7919405720189157
279,280,Calw,8,199092.0,152863.0,1275.0,151588.0,28.261471884318016,18.847797978731826,12.846003641449192,17.659709211810963,2.4118004063646197,11.413172546639576,,2.0291843681557906
280,281,Freiburg,8,224392.0,180976.0,1103.0,179873.0,17.398942587269907,21.22775513834761,4.922361888665892,10.643620776881466,6.909875300906751,31.611748289070622,,1.0123809576756935
281,282,Lörrach – Müllheim,8,231076.0,174064.0,1495.0,172569.0,22.310496091418504,24.241897443920983,8.225695229154715,14.295151504615545,3.2056742520383152,19.016741129635104,,1.6132677363837074
282,283,Emmendingen – Lahr,8,218872.0,168004.0,1432.0,166572.0,24.80789088202099,23.849746656100663,8.987705016449343,13.289148236198162,3.1271762361021063,17.244194702591074,,1.8886727661311626
283,284,Offenburg,8,205893.0,156776.0,1576.0,155200.0,25.908505154639176,21.290592783505154,9.871134020618557,14.69007731958763,2.8498711340206184,14.87306701030928,,2.4027061855670104
284,285,Rottweil – Tuttlingen,8,198182.0,149664.0,1851.0,147813.0,27.61462117675712,18.62014843078755,13.359447409903053,18.109367917571525,2.246081197188339,10.84884279461211,,1.8442220914263292
285,286,Schwarzwald-Baar,8,162800.0,122862.0,1340.0,121522.0,26.586955448396175,21.242244202695808,10.777472391830285,16.207764849163116,2.5197083655634374,13.31528447523905,,1.9667220750152234
286,287,Konstanz,8,206009.0,157563.0,1163.0,156400.0,23.15153452685422,20.880434782608695,8.53005115089514,15.031329923273656,3.710997442455243,21.044117647058826,,1.4092071611253196
287,288,Waldshut,8,177275.0,136195.0,1173.0,135022.0,26.36237057664677,22.797766289937936,8.343084830620196,13.64370250773948,2.884715083467879,17.252003377227414,,1.8767311993601044
288,289,Reutlingen,8,199189.0,153820.0,1245.0,152575.0,25.891528756349334,20.668523676880223,10.258561363263969,16.574143863673605,3.330165492380796,15.85908569555956,,1.595281009339669
289,290,Tübingen,8,198791.0,160835.0,1054.0,159781.0,21.764164700433717,20.38790594626395,7.853249134753193,14.19317691089679,5.151426014357152,23.422058943178474,,1.2379444364473873
290,291,Ulm,8,223376.0,177537.0,1372.0,176165.0,26.568841710896034,20.672664831266143,9.108506229954871,14.412056878494592,3.0522521499730364,17.73223966168081,,2.1616098543978657
291,292,Biberach,8,169147.0,133345.0,1115.0,132230.0,30.60727520229902,17.508886031914088,10.820539968237162,14.492172729335248,2.2438175905618998,13.665582696816154,,3.1422521364289495
292,293,Bodensee,8,174430.0,137838.0,990.0,136848.0,26.723810358938383,19.7218812112709,8.707471062784988,15.791973576522858,2.8535309248217002,17.27098678826143,,1.8458435636618729
293,294,Ravensburg,8,187817.0,147020.0,1042.0,145978.0,26.666346983792078,19.00971379248928,8.665689350450068,14.892655057611421,3.243639452520243,17.4930468974777,,2.569565276959542
294,295,Zollernalb – Sigmaringen,8,182648.0,138084.0,1544.0,136540.0,28.806210634246376,19.566427420536105,12.067525999707046,16.991357843855283,2.592646843415849,11.354181924710707,,1.9166544602314342
295,296,Saarbrücken,10,192929.0,142697.0,2223.0,140474.0,20.499878981163775,38.11167902957131,9.258652846790154,11.701809587539332,9.598929339237154,,,1.559719236299956
296,297,Saarlouis,10,203279.0,159170.0,2891.0,156279.0,24.369876950837924,36.42204006936313,10.014781256598775,12.075838724332764,6.72643157429981,,,2.121206304109957
297,298,St. Wendel,10,173074.0,139808.0,2776.0,137032.0,26.45221554089556,37.38469846459221,9.416778562671494,10.885048747737756,5.755589935197618,,,2.1024286298090957
298,299,Homburg,10,185941.0,142288.0,2405.0,139883.0,22.87912040776935,37.238978288998666,11.486742491939692,11.23724827176998,6.610524509768878,,,2.4012925087394463
