,state,district_number,District_Name,Num_Municipalities,Area_km2,Total_Population,German_Population_Perc,Foreign_Population_Perc,Population_Density (per 1000 IH),Birth_Balance (per 1000 IH),Migration_Balance (per 1000 IH),Age_Under_18_Perc,Age_18_24_Perc,Age_25_34_Perc,Age_35_59_Perc,Age_60_74_Perc,Age_75_Up_Perc,Land_Use_Settlement_Perc,Land_Use_Vegetation_Perc,Completed_Housing (per 1000 IH),Housing_Stock (per 1000 IH),Living_Space_per_Housing,Living_Space_per_Person,Total_Cars (per 1000 IH),Electric_Hybrid_Cars_Perc,Total_Enterprises (per 1000 IH),Craft_Enterprises (per 1000 IH),Vocational_School_Graduates,General_School_Graduates (per 1000 IH),No_School_Diploma_Perc,Hauptschulabschluss_Perc,Mittlerer_Schulabschluss_Perc,Higher_Education_Diploma_Perc,Childcare_Under_3_Perc,Childcare_3_to_6_Perc,Disposable_Income_per_Person,GDP_per_Person,Employees_Total (per 1000 IH),Employees_Agriculture_Perc,Employees_Manufacturing_Perc,Employees_Trade_Perc,Employees_Service_Perc,Employees_Other_Perc,SGB_II_Recipients_Total (per 1000 IH),SGB_II_Non_Employable_Perc,SGB_II_Foreigner_Perc,Unemployment_Rate_Total,Unemployment_Rate_Men,Unemployment_Rate_Women,Unemployment_Rate_Age_15_24,Unemployment_Rate_Age_55_64
0,Schleswig-Holstein,1,Flensburg – Schleswig,126.0,2124.3,291300.0,91.6,8.4,137.1,-2.7,9.5,16.6,8.4,12.0,33.6,17.6,11.9,12.4,87.6,6.4,523.1,94.3,49.3,592.1,1.0,41.0,6.9,0.0016477857878475798,10.2,9.1,17.7,39.0,34.2,38.8,93.3,21358.0,31178.0,345.0,1.7,19.3,27.0,15.4,36.7,76.8,26.1,28.2,7.0,7.7,6.2,5.9,7.6
1,Schleswig-Holstein,2,Nordfriesland – Dithmarschen Nord,197.0,2777.9,235000.0,92.9,7.1,84.6,-5.2,8.3,15.6,7.7,11.0,34.0,18.9,12.8,11.0,89.0,8.3,588.9,94.6,55.7,620.2,1.2,56.1,9.0,0.0016595744680851065,10.8,9.6,19.6,44.0,26.8,31.7,93.2,24354.0,34160.0,355.5,2.8,20.5,32.1,11.8,32.7,59.1,26.1,23.8,6.5,6.9,5.9,5.4,7.2
2,Schleswig-Holstein,3,Steinburg – Dithmarschen Süd,178.0,2000.0,221000.0,93.5,6.5,110.5,-5.3,4.6,16.3,7.2,10.5,35.7,18.2,12.2,11.5,88.5,3.8,505.4,97.5,49.2,617.8,0.9,40.0,6.9,0.0013122171945701357,10.6,9.6,17.8,40.2,32.4,31.8,89.9,22292.0,31977.0,313.4,3.0,27.7,22.3,15.1,32.0,70.6,26.3,29.3,6.4,6.8,6.1,7.0,6.4
3,Schleswig-Holstein,4,Rendsburg-Eckernförde,163.0,2165.4,252100.0,94.5,5.5,116.4,-3.8,8.6,16.9,7.0,9.9,35.9,18.3,12.0,11.4,88.6,4.3,500.1,99.0,49.5,634.0,1.1,37.9,6.7,0.000952003173343911,9.5,9.5,19.0,35.7,35.8,36.9,92.1,23410.0,29036.0,291.6,2.6,23.7,22.9,17.0,33.9,52.8,29.6,33.2,4.8,5.2,4.3,4.7,5.2
4,Schleswig-Holstein,5,Kiel,3.0,143.0,268800.0,88.6,11.4,1879.2,-0.8,-1.8,14.9,10.6,17.2,32.1,14.6,10.5,50.8,49.2,3.1,546.7,72.0,39.4,465.3,1.5,35.3,4.3,0.002232142857142857,9.0,9.1,15.8,32.5,42.5,35.7,90.2,19718.0,46128.0,490.7,0.2,16.4,19.7,24.8,38.9,125.2,26.8,35.1,8.4,9.2,7.4,5.1,8.4
5,Schleswig-Holstein,6,Plön – Neumünster,92.0,1302.4,223000.0,91.3,8.7,171.2,-4.0,5.1,16.1,7.2,10.6,34.6,18.2,13.3,12.1,87.9,2.6,505.6,90.7,45.8,588.1,1.1,37.6,6.4,0.002152466367713004,10.4,9.8,17.8,35.4,37.0,34.1,87.2,22081.0,29053.0,329.6,1.6,22.1,28.7,17.5,30.1,75.8,27.7,30.1,6.7,7.3,6.1,6.7,7.0
6,Schleswig-Holstein,7,Pinneberg,49.0,664.3,316100.0,88.9,11.1,475.9,-2.5,8.1,17.1,7.1,10.8,36.4,16.5,12.1,22.2,77.8,5.0,491.3,91.5,44.9,560.8,1.4,42.9,6.9,0.0006959822840873142,10.6,7.6,15.4,38.6,38.3,32.2,87.2,24708.0,29803.0,295.0,2.2,29.0,29.0,14.5,25.4,67.4,29.4,44.4,5.9,6.3,5.4,5.3,6.1
7,Schleswig-Holstein,8,Segeberg – Stormarn-Mitte,95.0,1333.4,320600.0,92.0,8.0,240.5,-1.9,5.7,17.2,6.8,10.5,36.9,17.0,11.6,15.5,84.5,5.3,478.7,96.0,46.0,609.8,1.3,43.4,7.0,0.0008109794135995009,10.2,8.4,16.9,37.0,37.7,36.0,88.7,23952.0,31902.0,340.2,1.1,28.4,29.4,16.0,25.1,50.4,29.0,38.8,5.0,5.2,4.8,4.6,5.5
8,Schleswig-Holstein,9,Ostholstein – Stormarn-Nord,49.0,1533.7,220600.0,94.3,5.7,143.9,-6.7,6.8,14.7,6.3,9.3,35.1,20.3,14.3,12.3,87.7,5.9,568.8,90.7,51.6,630.2,0.9,46.9,7.3,0.0015412511332728918,9.8,10.6,20.0,37.8,31.5,36.7,93.8,23411.0,27539.0,312.3,1.4,21.3,31.2,12.7,33.4,50.7,26.0,27.6,6.1,6.5,5.6,5.4,7.4
9,Schleswig-Holstein,10,Herzogtum Lauenburg – Stormarn-Süd,126.0,1349.9,319600.0,91.4,8.6,236.8,-3.8,8.8,17.1,6.6,9.8,36.0,17.0,13.5,15.3,84.7,3.3,481.2,95.7,46.0,606.3,1.2,42.0,6.6,0.0007196495619524405,9.7,7.9,16.1,34.4,41.6,36.4,89.6,24571.0,27988.0,295.7,1.2,28.3,28.1,14.6,27.9,54.1,29.8,38.7,5.1,5.4,4.7,5.5,5.2
10,Schleswig-Holstein,11,Lübeck,28.0,406.3,235600.0,90.0,10.0,580.0,-4.2,1.3,15.4,8.1,13.3,33.9,16.7,12.6,24.3,75.7,3.7,539.0,75.3,40.6,471.1,1.2,37.1,5.0,0.0019524617996604413,9.2,11.7,16.1,34.2,38.0,36.2,91.6,20404.0,42134.0,445.3,0.2,23.7,23.9,20.8,31.5,107.9,26.4,28.9,8.5,9.3,7.7,7.5,8.7
11,Mecklenburg-Vorpommern,12,Schwerin – Ludwigslust-Parchim I – Nordwestmecklenburg I,127.0,3640.9,269200.0,93.3,6.7,73.9,-3.4,2.6,16.3,5.5,10.9,35.7,19.5,12.2,9.0,91.0,2.7,544.1,80.8,44.0,547.1,0.9,36.9,7.7,0.0005572065378900445,8.6,9.7,12.6,41.3,36.3,55.4,94.2,19927.0,29893.0,385.2,2.6,24.7,19.9,16.9,35.8,78.7,23.9,22.9,8.0,8.8,7.1,10.7,7.6
12,Mecklenburg-Vorpommern,13,Ludwigslust-Parchim II – Nordwestmecklenburg II – Landkreis Rostock I,119.0,3937.0,249300.0,96.0,4.0,63.3,-5.7,7.5,15.3,4.9,9.5,35.6,21.6,13.1,8.9,91.1,3.5,550.0,82.8,45.5,585.9,0.8,37.5,8.5,0.0001604492579221821,8.0,8.8,13.6,44.3,33.4,56.0,93.3,20014.0,24594.0,308.0,4.3,31.4,23.4,11.1,29.8,57.6,22.2,13.2,6.8,7.4,6.2,8.3,7.3
13,Mecklenburg-Vorpommern,14,Rostock – Landkreis Rostock II,36.0,994.5,276500.0,94.5,5.5,278.0,-3.1,6.0,14.9,7.6,13.9,32.9,17.6,13.1,15.6,84.4,5.1,564.9,70.6,39.9,450.3,1.2,36.3,5.1,0.0005063291139240507,8.0,10.7,9.9,35.3,44.1,60.1,100.0,19274.0,33708.0,413.7,0.8,17.9,23.6,22.5,35.1,76.3,22.3,18.1,7.9,9.0,6.7,7.7,7.9
14,Mecklenburg-Vorpommern,15,Vorpommern-Rügen – Vorpommern-Greifswald I,111.0,3475.8,294400.0,95.3,4.7,84.7,-6.2,6.7,14.7,6.2,11.3,34.2,20.3,13.3,9.3,90.7,4.1,591.6,75.4,44.6,542.7,1.0,41.8,7.5,0.00030570652173913046,7.7,7.4,15.0,47.5,30.0,58.3,95.9,19231.0,25124.0,332.1,2.8,17.0,28.8,13.7,37.6,74.0,22.0,11.8,11.0,11.9,10.1,11.8,12.2
15,Mecklenburg-Vorpommern,16,Mecklenburgische Seenplatte I – Vorpommern-Greifswald II,158.0,4968.3,267400.0,96.2,3.8,53.8,-8.1,2.8,14.9,4.8,9.1,34.6,22.6,14.0,8.0,92.0,2.3,589.9,78.5,46.3,541.1,0.9,36.9,7.4,0.00033657442034405386,8.5,9.7,13.6,42.3,34.5,58.6,96.7,18774.0,26109.0,352.0,2.9,19.4,24.1,15.7,38.0,82.9,20.1,10.6,9.9,11.1,8.5,11.3,10.5
16,Mecklenburg-Vorpommern,17,Mecklenburgische Seenplatte II – Landkreis Rostock III,175.0,6277.7,251300.0,97.0,3.0,40.0,-7.5,4.2,15.4,4.5,9.1,35.8,21.4,13.8,7.0,93.0,1.6,568.1,80.0,45.4,567.5,0.9,39.1,8.1,0.0003581376840429765,8.7,9.2,12.6,43.4,34.8,57.2,93.4,19679.0,26866.0,342.0,3.5,22.1,26.8,14.1,33.6,72.8,21.1,11.3,8.5,9.5,7.4,10.8,8.8
17,Hamburg,18,Hamburg-Mitte,1.0,118.4,360311.0,78.2,21.8,3043.7,1.9,2.7,16.8,7.9,16.3,35.4,13.6,9.9,58.9,41.1,5.3,523.0,74.6,39.0,435.3,2.3,55.7,4.5,0.0005550760315394201,8.8,6.0,17.8,22.3,53.9,46.7,89.9,25029.0,64771.0,540.0,0.1,15.8,26.8,32.9,24.3,103.2,26.6,40.2,8.1,8.6,7.6,7.0,8.6
18,Hamburg,19,Hamburg-Altona,1.0,77.9,267900.0,84.5,15.5,3438.8,1.9,2.7,16.8,7.9,16.3,35.4,13.6,9.9,58.9,41.1,5.3,523.0,74.6,39.0,435.3,2.3,55.7,4.5,0.0007465472191116088,8.8,6.0,17.8,22.3,53.9,46.7,89.9,25029.0,64771.0,540.0,0.1,15.8,26.8,32.9,24.3,103.2,26.6,40.2,8.1,8.6,7.6,7.0,8.6
19,Hamburg,20,Hamburg-Eimsbüttel,1.0,49.8,260300.0,86.8,13.2,5225.5,1.9,2.7,16.8,7.9,16.3,35.4,13.6,9.9,58.9,41.1,5.3,523.0,74.6,39.0,435.3,2.3,55.7,4.5,0.0007683442182097579,8.8,6.0,17.8,22.3,53.9,46.7,89.9,25029.0,64771.0,540.0,0.1,15.8,26.8,32.9,24.3,103.2,26.6,40.2,8.1,8.6,7.6,7.0,8.6
20,Hamburg,21,Hamburg-Nord,1.0,115.0,289200.0,89.1,10.9,2514.4,1.9,2.7,16.8,7.9,16.3,35.4,13.6,9.9,58.9,41.1,5.3,523.0,74.6,39.0,435.3,2.3,55.7,4.5,0.0006915629322268326,8.8,6.0,17.8,22.3,53.9,46.7,89.9,25029.0,64771.0,540.0,0.1,15.8,26.8,32.9,24.3,103.2,26.6,40.2,8.1,8.6,7.6,7.0,8.6
21,Hamburg,22,Hamburg-Wandsbek,1.0,78.8,326900.0,85.2,14.8,4149.9,1.9,2.7,16.8,7.9,16.3,35.4,13.6,9.9,58.9,41.1,5.3,523.0,74.6,39.0,435.3,2.3,55.7,4.5,0.0006118078923218109,8.8,6.0,17.8,22.3,53.9,46.7,89.9,25029.0,64771.0,540.0,0.1,15.8,26.8,32.9,24.3,103.2,26.6,40.2,8.1,8.6,7.6,7.0,8.6
22,Hamburg,23,Hamburg-Bergedorf – Harburg,1.0,315.2,342700.0,79.2,20.8,1087.1,1.9,2.7,16.8,7.9,16.3,35.4,13.6,9.9,58.9,41.1,5.3,523.0,74.6,39.0,435.3,2.3,55.7,4.5,0.0005836008170411439,8.8,6.0,17.8,22.3,53.9,46.7,89.9,25029.0,64771.0,540.0,0.1,15.8,26.8,32.9,24.3,103.2,26.6,40.2,8.1,8.6,7.6,7.0,8.6
23,Niedersachsen,24,Aurich – Emden,25.0,1399.7,239600.0,93.5,6.5,171.2,-3.4,2.0,16.5,8.0,11.3,34.2,19.0,11.0,16.3,83.7,3.2,524.3,99.2,52.0,589.7,0.8,36.6,5.8,0.0022120200333889816,10.4,9.0,18.1,42.0,30.9,26.4,92.5,20327.0,36445.0,387.2,1.3,30.0,25.1,14.7,28.9,81.1,26.6,22.3,8.0,8.4,7.7,7.2,8.2
24,Niedersachsen,25,Unterems,56.0,2597.8,321300.0,88.7,11.3,123.7,-1.2,6.5,17.7,8.1,12.3,35.1,17.0,9.8,14.8,85.2,5.4,458.9,113.1,51.9,608.7,0.7,37.2,6.5,0.0018362900715841893,10.5,7.8,15.9,50.9,25.4,31.7,94.6,20559.0,33099.0,354.5,1.9,33.4,22.9,14.3,27.5,46.6,24.7,29.5,5.0,5.0,4.9,4.5,5.5
25,Niedersachsen,26,Friesland – Wilhelmshaven – Wittmund,28.0,1373.5,231700.0,93.9,6.1,168.7,-5.8,6.4,15.4,7.7,11.2,32.8,19.4,13.5,16.3,83.7,3.9,563.3,93.6,52.7,613.3,0.8,35.5,6.0,0.0019853258523953384,9.5,7.6,18.6,44.2,29.5,26.0,92.4,20268.0,31666.0,331.9,1.3,23.2,23.7,14.4,37.4,81.3,26.0,27.7,8.0,8.5,7.5,5.8,9.3
26,Niedersachsen,27,Oldenburg – Ammerland,7.0,833.7,293900.0,91.4,8.6,352.6,-1.0,6.7,16.2,8.8,13.9,33.9,16.5,10.8,23.1,76.9,6.8,527.9,95.7,50.5,573.6,1.2,41.4,6.1,0.0019394351820347057,11.3,5.6,13.7,39.1,41.6,37.9,96.3,21093.0,39934.0,443.8,2.1,18.0,24.3,22.7,32.9,77.8,27.1,36.1,6.2,7.0,5.4,5.4,6.6
27,Niedersachsen,28,Delmenhorst – Wesermarsch – Oldenburg-Land,25.0,1952.1,297000.0,89.7,10.3,152.2,-2.4,4.7,17.0,7.6,11.0,35.1,17.7,11.5,14.7,85.3,3.2,486.3,101.8,49.5,603.5,1.0,34.8,6.4,0.0014478114478114477,10.2,7.2,15.4,53.0,24.4,27.6,87.5,21890.0,26384.0,297.3,2.0,35.8,24.0,10.7,27.6,76.8,28.2,37.5,6.5,6.7,6.4,6.2,6.5
28,Niedersachsen,29,Cuxhaven – Stade II,45.0,2575.3,234900.0,94.0,6.0,91.2,-5.4,5.4,16.4,6.7,10.0,34.4,19.7,12.7,11.2,88.8,4.2,524.7,102.4,53.8,629.5,1.0,32.7,5.3,0.0017028522775649213,9.3,8.1,16.9,50.3,24.7,33.3,93.5,22260.0,24115.0,257.9,3.6,26.3,25.3,11.8,33.0,61.0,27.8,28.3,6.4,6.7,6.0,6.2,6.8
29,Niedersachsen,30,Stade I – Rotenburg II,60.0,1972.8,256300.0,91.2,8.8,129.9,-1.8,7.2,17.3,7.8,11.7,35.2,17.1,10.9,13.1,86.9,5.2,484.4,104.2,50.5,638.3,1.1,36.6,5.7,0.001833788529067499,10.8,7.3,15.4,47.0,30.3,31.5,91.7,22911.0,30859.0,326.2,3.0,27.9,25.0,14.3,29.9,59.9,28.8,33.7,5.7,6.0,5.4,5.9,5.6
30,Niedersachsen,31,Mittelems,48.0,2353.4,313500.0,88.7,11.3,133.2,-0.6,5.2,18.0,7.9,12.0,34.9,17.0,10.2,15.0,85.0,5.4,451.1,115.4,52.0,614.4,0.9,38.4,6.7,0.0019138755980861242,11.1,7.4,15.7,49.8,27.1,35.3,95.5,21058.0,37266.0,409.1,1.8,38.7,21.4,13.1,25.0,41.7,26.7,33.9,3.2,3.3,3.2,2.9,3.7
31,Niedersachsen,32,Cloppenburg – Vechta,23.0,2234.5,313500.0,88.1,11.9,140.3,2.8,5.4,20.0,9.3,13.3,34.7,14.5,8.3,16.6,83.4,7.2,416.8,121.4,50.6,600.3,0.8,42.7,8.3,0.002169059011164274,12.3,8.7,16.8,51.2,23.3,32.3,93.4,21634.0,39140.0,452.1,3.6,42.3,20.8,12.0,21.3,48.7,29.5,40.3,4.6,4.7,4.6,3.9,5.4
32,Niedersachsen,33,Diepholz – Nienburg I,59.0,2490.9,247900.0,91.9,8.1,99.5,-2.9,4.7,16.7,7.2,10.8,35.7,17.9,11.8,13.0,87.0,3.6,468.6,111.8,52.4,645.9,1.1,40.4,6.4,0.0011698265429608713,10.4,5.6,13.3,51.9,29.2,34.2,92.0,23149.0,30299.0,333.3,2.2,31.5,28.0,12.2,26.1,55.7,30.0,37.9,5.0,5.3,4.7,5.0,4.9
33,Niedersachsen,34,Osterholz – Verden,22.0,1442.0,251100.0,93.3,6.7,174.1,-2.9,6.2,17.2,7.0,10.2,35.4,18.3,11.8,15.4,84.6,5.1,471.6,109.4,51.6,632.6,0.9,35.8,5.5,0.0013142174432497014,9.5,4.9,13.6,45.7,35.8,33.0,91.1,23482.0,26156.0,303.4,2.2,28.6,28.0,13.1,28.2,46.0,28.5,35.0,3.9,4.1,3.8,4.1,4.4
34,Niedersachsen,35,Rotenburg I – Heidekreis,45.0,2734.5,215800.0,91.9,8.1,78.9,-2.8,8.8,17.0,7.8,11.4,34.7,17.5,11.7,11.1,88.9,3.4,485.8,105.3,51.2,646.2,0.8,36.9,6.3,0.0020852641334569047,10.5,6.9,13.5,49.6,30.0,30.1,91.0,21800.0,33195.0,346.4,2.2,24.9,29.0,11.2,32.7,54.4,27.0,26.4,5.7,5.8,5.5,5.5,6.0
35,Niedersachsen,36,Harburg,42.0,1248.5,254400.0,92.2,7.8,203.8,-1.6,8.4,17.3,7.0,10.0,36.7,17.1,12.0,17.2,82.8,5.4,482.6,105.6,51.0,652.3,1.5,43.6,6.0,0.0011792452830188679,9.3,5.1,10.3,44.9,39.8,36.0,95.8,25687.0,24359.0,265.7,2.1,20.9,36.2,15.3,25.6,43.4,29.4,32.1,4.8,5.2,4.4,4.8,5.6
36,Niedersachsen,37,Lüchow-Dannenberg – Lüneburg,70.0,2555.1,232600.0,93.4,6.6,91.0,-2.8,6.4,16.7,8.0,11.3,35.3,17.3,11.4,10.1,89.9,1.2,504.5,98.1,49.5,579.0,1.1,38.4,5.5,0.0017196904557179708,10.6,6.2,15.0,42.0,36.8,38.2,94.1,21227.0,27708.0,317.9,2.2,24.1,22.6,15.5,35.5,66.4,26.4,27.8,6.8,7.5,6.0,6.5,7.4
37,Niedersachsen,38,Osnabrück-Land,29.0,1916.3,265000.0,90.8,9.2,138.3,-0.8,3.6,18.2,7.9,11.4,35.1,16.7,10.7,14.2,85.8,4.1,446.7,109.7,49.0,642.6,1.0,37.0,6.5,0.0004905660377358491,8.9,6.3,16.4,53.3,24.0,33.7,91.9,23030.0,30622.0,366.5,1.7,38.0,22.5,15.0,22.9,33.4,27.3,29.1,3.7,3.8,3.5,3.2,4.2
38,Niedersachsen,39,Stadt Osnabrück,6.0,325.3,258300.0,89.2,10.8,794.2,-0.5,2.5,15.7,10.3,14.8,32.8,15.5,10.9,34.2,65.8,1.9,509.8,90.6,46.2,561.3,1.5,39.8,5.3,0.0025938830816879597,11.4,5.7,10.3,45.9,38.2,33.4,93.3,22006.0,42899.0,509.1,0.5,23.7,24.1,20.8,31.0,72.7,26.2,37.7,6.2,6.7,5.6,4.8,6.5
39,Niedersachsen,40,Nienburg II – Schaumburg,60.0,1576.6,248400.0,91.3,8.7,157.5,-5.3,4.9,16.2,7.4,10.4,34.8,18.3,12.8,15.2,84.8,2.8,501.2,103.7,52.0,639.1,1.1,35.1,6.0,0.0016908212560386477,9.8,7.6,13.9,41.9,36.6,31.6,92.3,21717.0,27626.0,308.5,1.3,30.9,22.6,11.7,33.5,66.8,28.9,35.2,5.9,6.5,5.3,6.7,6.2
40,Niedersachsen,41,Stadt Hannover I,1.0,112.9,260100.00000000003,81.8,18.2,2303.8,0.0,0.1,15.7,9.1,17.0,33.6,14.3,10.2,69.8,30.2,2.4,555.2,75.3,41.8,505.4,1.3,38.9,5.2,0.0013071895424836598,9.7,5.9,11.7,41.5,40.9,34.2,91.0,21859.0,45583.0,448.2,0.2,20.2,23.0,26.0,30.6,101.3,27.4,42.9,8.2,8.8,7.4,7.7,7.7
41,Niedersachsen,42,Stadt Hannover II,1.0,91.4,276800.0,82.1,17.9,3028.6,0.0,0.1,15.7,9.1,17.0,33.6,14.3,10.2,69.8,30.2,2.4,555.2,75.3,41.8,505.4,1.3,38.9,5.2,0.0012283236994219654,9.7,5.9,11.7,41.5,40.9,34.2,91.0,21859.0,45583.0,448.2,0.2,20.2,23.0,26.0,30.6,101.3,27.4,42.9,8.2,8.8,7.4,7.7,7.7
42,Niedersachsen,43,Hannover-Land I,8.0,1135.7,306400.0,89.3,10.7,269.8,-3.0,4.5,17.3,7.2,10.4,35.2,17.1,12.9,18.8,81.2,3.5,490.8,99.7,49.0,505.4,1.3,38.9,5.2,0.0011096605744125325,9.7,5.9,11.7,41.5,40.9,34.2,91.0,21859.0,45583.0,448.2,0.2,20.2,23.0,26.0,30.6,101.3,27.4,42.9,8.2,8.8,7.4,7.7,7.7
43,Niedersachsen,44,Celle – Uelzen,48.0,3013.4,271400.0,92.8,7.2,90.1,-4.7,4.5,16.5,7.1,10.8,34.1,18.6,12.9,10.5,89.5,2.8,512.4,102.5,52.5,611.8,0.9,34.1,5.9,0.002210759027266028,9.5,7.9,18.2,46.4,27.6,32.4,91.8,21170.0,29275.0,325.6,1.9,27.7,21.0,11.0,38.4,70.3,26.7,29.5,6.4,7.1,5.5,7.2,6.2
44,Niedersachsen,45,Gifhorn – Peine,35.0,1819.6,284800.0,92.7,7.3,156.5,-1.5,6.1,17.9,7.2,10.9,36.0,17.1,10.9,13.8,86.2,4.9,472.0,110.1,51.9,616.2,0.9,26.5,4.7,0.0008075842696629213,9.5,3.8,12.9,46.5,36.8,31.8,88.8,23087.0,21403.0,244.4,1.2,27.8,22.5,17.5,31.0,58.7,29.7,32.7,5.1,5.2,5.0,5.5,4.7
45,Niedersachsen,46,Hameln-Pyrmont – Holzminden,42.0,1802.4,236200.0,90.7,9.3,131.0,-6.8,4.3,15.6,7.0,10.3,33.7,19.2,14.3,12.1,87.9,1.0,543.4,97.8,53.2,627.5,0.9,34.1,6.0,0.0020745131244707875,8.8,10.5,14.1,46.2,29.2,30.1,93.1,21942.0,32976.0,341.0,1.2,34.0,18.6,14.2,32.0,79.3,27.5,35.4,7.0,7.7,6.3,6.3,6.4
46,Niedersachsen,47,Hannover-Land II,12.0,957.1,313800.0,89.6,10.4,327.8,-3.0,3.8,17.3,7.0,10.3,35.2,17.6,12.7,18.2,81.8,2.9,492.1,98.3,48.4,505.4,1.3,38.9,5.2,0.0010834926704907585,9.7,5.9,11.7,41.5,40.9,34.2,91.0,21859.0,45583.0,448.2,0.2,20.2,23.0,26.0,30.6,101.3,27.4,42.9,8.2,8.8,7.4,7.7,7.7
47,Niedersachsen,48,Hildesheim,20.0,1208.3,275800.0,91.6,8.4,228.3,-4.7,2.3,15.7,8.2,11.4,34.2,17.9,12.6,15.8,84.2,1.9,518.7,95.7,49.7,583.4,1.0,32.6,5.8,0.0018854242204496012,10.6,7.2,12.8,44.3,35.7,30.9,93.5,21685.0,28772.0,336.3,0.4,30.4,20.4,13.5,35.2,73.9,26.2,34.4,6.8,7.6,5.9,6.1,6.7
48,Niedersachsen,49,Salzgitter – Wolfenbüttel,39.0,1238.4,266200.0,89.0,11.0,215.0,-4.3,-0.4,16.5,7.6,10.8,34.2,18.3,12.7,15.5,84.5,1.7,529.0,94.1,49.8,583.6,0.8,26.6,4.3,0.0012021036814425243,9.0,7.2,14.6,48.3,30.0,26.9,89.4,21407.0,35983.0,329.6,0.7,41.4,18.3,10.8,28.9,91.1,28.8,40.2,7.5,7.7,7.1,7.5,6.5
49,Niedersachsen,50,Braunschweig,1.0,192.7,249400.0,89.1,10.9,1294.3,-1.3,6.0,14.7,8.8,16.4,33.1,15.3,11.7,47.3,52.7,1.9,558.6,79.8,44.6,572.6,2.2,35.3,4.4,0.002325581395348837,9.7,6.1,9.3,33.3,51.2,37.5,93.7,22612.0,78057.0,526.8,0.1,21.1,19.1,31.6,28.2,73.4,23.0,29.0,5.7,6.0,5.3,4.0,6.2
50,Niedersachsen,51,Helmstedt – Wolfsburg,37.0,1165.2,242200.0,88.7,11.3,207.8,-2.8,4.9,16.5,6.7,12.6,34.9,17.1,12.2,16.0,84.0,3.1,525.1,94.7,49.7,876.7,1.7,22.8,3.6,0.0011973575557390587,9.8,6.2,10.9,42.2,40.8,34.5,91.0,24150.0,103205.0,622.5,0.4,54.4,11.9,16.4,16.9,67.1,25.9,35.5,5.9,6.1,5.7,6.6,5.4
51,Niedersachsen,52,Goslar – Northeim – Osterode,20.0,2125.5,250400.0,91.7,8.3,117.8,-7.7,3.0,14.2,7.3,10.4,33.6,20.1,14.4,11.3,88.7,1.9,566.0,92.9,52.6,617.5,0.8,34.4,5.7,0.0020367412140575077,9.2,6.4,13.9,45.2,34.5,35.1,91.4,21735.0,30368.0,345.2,2.3,30.4,21.4,12.3,33.5,69.1,25.6,28.7,6.6,7.3,5.8,6.9,6.3
52,Niedersachsen,53,Göttingen,32.0,1265.2,284700.0,90.9,9.1,225.1,-3.5,-1.6,15.3,9.7,13.8,32.4,17.2,11.6,15.6,84.4,1.8,540.0,88.3,47.7,562.3,1.1,34.3,5.2,0.0017913593256059007,9.2,7.1,12.3,40.0,40.5,37.8,88.8,21130.0,35738.0,399.4,0.5,23.2,19.0,18.3,39.0,62.0,23.3,29.7,6.3,6.9,5.6,5.3,5.9
53,Bremen,54,Bremen I,1.0,154.3,356900.0,83.1,16.9,2312.0,-0.5,-1.8,16.1,8.7,14.7,33.5,15.8,11.3,59.2,40.8,3.0,524.7,78.9,41.4,429.4,1.6,41.2,3.9,0.0007284953768562622,9.4,9.2,20.2,34.6,36.1,30.5,87.3,21481.0,50675.0,494.4,0.0,22.7,25.2,24.7,27.4,144.5,28.8,46.1,11.2,11.9,10.3,10.2,9.5
54,Bremen,55,Bremen II – Bremerhaven,1.0,265.0,324300.0,79.7,20.3,1223.8,-1.1,-0.4,16.5,8.6,14.0,33.1,16.4,11.3,54.8,45.2,3.4,539.3,77.8,42.0,435.7,1.6,38.2,3.8,0.0007708911501695962,9.8,9.4,21.8,32.8,36.0,27.2,84.7,21481.0,45356.0,481.2,0.0,21.6,27.4,22.4,28.6,155.6,28.4,41.9,12.1,12.8,11.2,10.7,10.4
55,Brandenburg,56,Prignitz – Ostprignitz-Ruppin – Havelland I,66.0,5673.7,208900.0,95.7,4.3,36.8,-7.3,5.4,14.7,4.9,9.5,35.5,21.4,14.0,6.7,93.3,2.2,562.7,83.0,46.7,590.3,0.9,38.6,9.7,0.0011967448539971278,8.7,10.8,12.5,41.1,35.7,56.9,96.3,19353.0,25671.0,344.2,4.7,27.7,21.2,11.0,35.3,69.8,21.8,15.4,7.3,8.0,6.6,9.7,7.4
56,Brandenburg,57,Uckermark – Barnim I,55.0,4251.6,220600.0,95.5,4.5,51.9,-6.5,7.2,15.1,4.9,9.1,35.2,21.2,14.4,7.4,92.6,3.1,556.2,81.8,45.5,572.5,1.2,36.3,8.6,0.0005893019038984588,8.0,8.8,13.8,44.1,33.4,56.6,94.1,19531.0,26121.0,302.7,3.4,24.9,23.8,11.8,36.1,84.0,21.3,11.7,8.8,9.6,8.0,11.1,8.9
57,Brandenburg,58,Oberhavel – Havelland II,25.0,2206.2,305100.0,96.0,4.0,138.3,-3.2,12.3,17.0,5.6,9.0,38.6,17.9,12.0,12.1,87.9,4.2,482.6,90.7,43.8,575.7,1.4,38.0,8.6,0.0006555227794165847,8.9,6.4,14.5,35.9,43.2,56.9,94.2,21079.0,24971.0,272.1,1.8,28.9,27.0,12.7,29.6,49.9,22.5,16.6,5.8,6.5,5.1,7.8,6.0
58,Brandenburg,59,Märkisch-Oderland – Barnim II,49.0,2463.6,279400.0,96.3,3.7,113.4,-4.3,15.7,16.3,4.5,9.0,37.9,19.7,12.4,12.4,87.6,6.1,501.0,89.1,44.6,588.7,1.3,41.1,10.3,0.0004294917680744452,7.5,8.2,14.0,44.5,33.3,58.5,95.4,20712.0,21628.0,263.5,2.5,22.2,25.8,14.0,35.6,56.2,21.8,14.4,6.3,7.2,5.4,8.6,6.8
59,Brandenburg,60,Brandenburg an der Havel – Potsdam-Mittelmark I – Havelland III – Teltow-Fläming I,38.0,3266.7,248700.0,95.3,4.7,76.1,-6.6,8.5,15.3,4.8,10.0,35.4,20.1,14.4,9.1,90.9,3.2,542.5,82.0,44.5,557.5,1.3,39.5,8.5,0.0008041817450743868,8.1,6.1,12.2,36.6,45.1,59.2,97.0,21151.0,27307.0,326.5,1.8,24.3,25.8,16.2,31.9,58.1,23.5,18.6,5.8,6.5,5.1,7.0,6.1
60,Brandenburg,61,Potsdam – Potsdam-Mittelmark II – Teltow-Fläming II,8.0,556.2,302700.0,92.4,7.6,544.2,-0.5,14.9,18.0,6.7,12.5,36.2,15.3,11.3,24.7,75.3,7.9,507.1,81.0,41.1,490.7,1.4,43.9,7.0,0.0006276841757515692,9.6,5.2,9.8,32.1,53.0,57.5,97.6,21720.0,36404.0,411.7,0.9,12.8,19.8,28.9,37.7,57.8,25.2,28.7,5.7,6.5,4.8,5.8,5.8
61,Brandenburg,62,Dahme-Spreewald – Teltow-Fläming III – Oberspreewald-Lausitz I,51.0,4025.9,311400.0,94.8,5.2,77.3,-4.0,12.5,16.1,5.3,9.9,37.2,18.4,13.1,10.7,89.3,7.0,509.3,87.3,44.5,605.5,1.4,42.4,9.5,0.00035324341682723185,7.8,6.6,14.2,40.6,38.6,56.1,93.5,20780.0,34034.0,364.0,2.8,26.9,32.8,13.5,24.0,47.9,23.8,17.7,5.1,5.5,4.6,4.7,5.9
62,Brandenburg,63,Frankfurt (Oder) – Oder-Spree,38.0,2404.6,236600.0,94.1,5.9,98.4,-6.1,6.4,15.1,5.3,9.3,34.9,20.8,14.6,10.7,89.3,3.0,548.4,80.2,44.0,570.9,1.0,36.7,8.5,0.001183431952662722,9.0,8.7,12.9,40.7,37.7,57.1,96.7,20091.0,28788.0,356.0,1.6,23.5,21.5,14.9,38.5,74.0,23.0,20.0,7.3,8.1,6.5,9.1,7.7
63,Brandenburg,64,Cottbus – Spree-Neiße,30.0,1822.6,213400.0,94.1,5.9,117.1,-6.7,1.0,14.4,5.2,10.1,34.4,21.1,14.8,19.3,80.7,2.1,574.3,77.5,44.5,559.8,1.0,37.2,9.3,0.0009840674789128397,7.9,8.0,15.0,34.3,42.7,59.6,95.1,19853.0,33790.0,387.6,1.2,26.5,20.5,16.1,35.8,83.5,23.3,22.4,7.7,8.6,6.7,6.3,8.3
64,Brandenburg,65,Elbe-Elster – Oberspreewald-Lausitz II,57.0,2983.3,195200.0,97.0,3.0,65.4,-8.6,-1.0,14.2,4.2,8.7,35.3,21.9,15.7,13.1,86.9,1.3,578.4,80.8,46.7,610.8,1.0,35.8,10.1,0.0005635245901639345,7.9,8.3,18.1,43.7,29.9,59.6,96.2,19412.0,26138.0,343.0,3.3,33.2,19.6,12.9,31.0,69.7,20.6,10.8,7.7,8.2,7.2,5.7,9.6
65,Sachsen-Anhalt,66,Altmark,38.0,4717.9,194400.0,96.4,3.6,41.2,-6.3,-0.4,15.2,5.0,9.6,35.6,21.2,13.4,7.5,92.5,1.9,576.5,86.7,50.0,589.5,0.8,33.8,8.3,0.001080246913580247,8.9,13.4,10.1,49.0,27.6,56.5,93.4,19433.0,24945.0,316.3,4.9,28.3,20.6,10.5,35.6,85.9,20.3,13.8,8.7,9.6,7.8,9.5,8.8
66,Sachsen-Anhalt,67,Börde – Jerichower Land,42.0,3944.1,260500.0,96.6,3.4,66.1,-6.7,2.4,15.4,4.6,9.5,36.9,21.0,12.6,9.8,90.2,2.6,549.1,88.5,48.6,616.3,0.7,32.4,7.6,0.0004990403071017275,7.9,9.4,9.0,54.6,27.0,61.5,94.5,20634.0,27269.0,341.5,3.2,35.4,26.0,9.1,26.2,57.8,20.9,13.7,6.5,7.2,5.8,8.1,7.2
67,Sachsen-Anhalt,68,Harz,22.0,2339.9,248200.0,96.6,3.4,106.1,-9.5,4.1,14.0,5.1,9.3,34.6,21.9,15.1,10.8,89.2,2.4,605.6,79.2,48.0,574.1,0.8,34.3,7.1,0.0009266720386784849,8.3,9.6,8.6,51.8,30.0,59.7,93.3,19792.0,24142.0,334.8,1.8,31.9,22.2,10.3,33.8,70.1,17.9,7.5,7.1,7.9,6.3,8.2,7.2
68,Sachsen-Anhalt,69,Magdeburg,5.0,588.9,292400.0,91.4,8.6,496.5,-4.9,-0.4,15.0,7.6,13.5,31.8,17.9,14.1,25.4,74.6,3.5,604.8,70.5,42.6,485.6,1.2,33.8,5.1,0.0010259917920656635,8.1,11.7,9.2,44.5,34.6,58.2,92.9,18940.0,32705.0,430.9,0.3,18.2,19.0,24.3,38.1,106.9,22.8,27.0,9.2,9.9,8.4,8.5,9.8
69,Sachsen-Anhalt,70,Dessau – Wittenberg,10.0,2175.5,205100.0,95.6,4.4,94.3,-9.6,-0.1,13.8,4.5,9.1,33.9,22.1,16.6,10.3,89.7,1.1,600.3,79.2,47.6,572.9,1.1,35.7,7.6,0.0009751340809361288,7.9,9.8,10.5,49.6,30.1,60.8,96.1,20089.0,26920.0,371.8,2.1,32.2,19.1,14.4,32.2,78.7,23.0,18.1,8.1,9.0,7.1,10.4,8.2
70,Sachsen-Anhalt,71,Anhalt,25.0,2258.3,257899.99999999997,96.5,3.5,114.2,-9.3,1.1,13.9,4.9,9.2,35.3,21.8,14.9,13.4,86.6,1.8,601.5,78.6,47.3,574.8,0.8,32.8,7.1,0.000775494377665762,7.5,13.0,11.4,49.9,25.7,60.3,93.7,19396.0,27222.0,343.1,2.0,34.9,21.0,12.6,29.5,85.3,19.5,10.6,8.4,9.1,7.7,9.4,8.7
71,Sachsen-Anhalt,72,Halle,4.0,414.1,272100.0,91.2,8.8,657.2,-2.3,0.7,15.8,8.7,13.5,31.6,17.3,13.1,28.9,71.1,1.6,594.9,69.0,41.1,422.6,1.3,30.1,4.2,0.0007717750826901875,8.6,12.7,11.9,40.8,34.6,50.4,92.0,18170.0,31474.0,406.4,0.2,14.1,20.7,25.0,40.0,121.4,28.0,33.3,9.5,10.8,8.0,9.8,8.6
72,Sachsen-Anhalt,73,Burgenland – Saalekreis,37.0,1712.0,225700.0,95.0,5.0,131.8,-8.4,1.0,14.5,4.6,9.5,35.1,21.2,15.1,16.7,83.3,1.6,586.2,78.4,45.9,581.8,0.9,33.0,7.5,0.000620292423571112,7.9,10.8,10.1,48.5,30.7,59.9,96.1,19845.0,27229.0,334.7,1.9,32.6,24.1,12.2,29.1,78.5,20.5,13.6,7.4,7.9,6.8,9.4,7.5
73,Sachsen-Anhalt,74,Mansfeld,35.0,2306.0,238500.0,96.3,3.7,103.4,-8.5,1.3,14.3,4.6,8.8,34.7,22.6,15.0,12.4,87.6,1.2,576.9,81.3,46.9,604.8,1.0,32.9,7.7,0.0006708595387840672,7.6,10.9,12.1,53.3,23.7,60.3,94.0,19744.0,26956.0,335.3,2.0,32.3,25.7,11.6,28.4,84.2,22.3,14.3,9.1,9.8,8.3,12.8,8.8
74,Berlin,75,Berlin-Mitte,1.0,39.4,377400.0,67.7,32.3,9579.8,1.3,6.3,16.5,7.2,16.7,34.8,14.4,10.3,96.4,3.6,5.2,536.4,72.0,38.6,332.9,2.5,51.0,4.6,0.0006094329623741389,8.2,8.9,14.5,32.1,44.4,44.9,92.0,20972.0,40105.0,419.5,0.1,13.2,20.8,32.0,33.9,137.1,27.2,36.0,10.6,11.4,9.7,11.5,9.9
75,Berlin,76,Berlin-Pankow,1.0,96.7,329800.0,87.5,12.5,3409.9,1.3,6.3,16.5,7.2,16.7,34.8,14.4,10.3,67.1,32.9,5.2,536.4,72.0,38.6,332.9,2.5,51.0,4.6,0.0006973923590054579,8.2,8.9,14.5,32.1,44.4,44.9,92.0,20972.0,40105.0,419.5,0.1,13.2,20.8,32.0,33.9,137.1,27.2,36.0,10.6,11.4,9.7,11.5,9.9
76,Berlin,77,Berlin-Reinickendorf,1.0,89.3,260200.0,82.4,17.6,2913.5,1.3,6.3,16.5,7.2,16.7,34.8,14.4,10.3,66.9,33.1,5.2,536.4,72.0,38.6,332.9,2.5,51.0,4.6,0.000883935434281322,8.2,8.9,14.5,32.1,44.4,44.9,92.0,20972.0,40105.0,419.5,0.1,13.2,20.8,32.0,33.9,137.1,27.2,36.0,10.6,11.4,9.7,11.5,9.9
77,Berlin,78,Berlin-Spandau – Charlottenburg Nord,1.0,99.5,272000.0,79.9,20.1,2734.2,1.3,6.3,16.5,7.2,16.7,34.8,14.4,10.3,64.0,36.0,5.2,536.4,72.0,38.6,332.9,2.5,51.0,4.6,0.0008455882352941176,8.2,8.9,14.5,32.1,44.4,44.9,92.0,20972.0,40105.0,419.5,0.1,13.2,20.8,32.0,33.9,137.1,27.2,36.0,10.6,11.4,9.7,11.5,9.9
78,Berlin,79,Berlin-Steglitz-Zehlendorf,1.0,102.6,293900.0,86.0,14.0,2865.8,1.3,6.3,16.5,7.2,16.7,34.8,14.4,10.3,64.7,35.3,5.2,536.4,72.0,38.6,332.9,2.5,51.0,4.6,0.0007825791085403197,8.2,8.9,14.5,32.1,44.4,44.9,92.0,20972.0,40105.0,419.5,0.1,13.2,20.8,32.0,33.9,137.1,27.2,36.0,10.6,11.4,9.7,11.5,9.9
79,Berlin,80,Berlin-Charlottenburg-Wilmersdorf,1.0,57.1,286100.0,76.0,24.0,5011.3,1.3,6.3,16.5,7.2,16.7,34.8,14.4,10.3,70.3,29.7,5.2,536.4,72.0,38.6,332.9,2.5,51.0,4.6,0.0008039147151345683,8.2,8.9,14.5,32.1,44.4,44.9,92.0,20972.0,40105.0,419.5,0.1,13.2,20.8,32.0,33.9,137.1,27.2,36.0,10.6,11.4,9.7,11.5,9.9
80,Berlin,81,Berlin-Tempelhof-Schöneberg,1.0,53.1,343600.0,80.8,19.2,6476.2,1.3,6.3,16.5,7.2,16.7,34.8,14.4,10.3,97.2,2.8,5.2,536.4,72.0,38.6,332.9,2.5,51.0,4.6,0.0006693830034924331,8.2,8.9,14.5,32.1,44.4,44.9,92.0,20972.0,40105.0,419.5,0.1,13.2,20.8,32.0,33.9,137.1,27.2,36.0,10.6,11.4,9.7,11.5,9.9
81,Berlin,82,Berlin-Neukölln,1.0,44.9,321100.0,75.8,24.2,7146.3,1.3,6.3,16.5,7.2,16.7,34.8,14.4,10.3,97.2,2.8,5.2,536.4,72.0,38.6,332.9,2.5,51.0,4.6,0.0007162877608221737,8.2,8.9,14.5,32.1,44.4,44.9,92.0,20972.0,40105.0,419.5,0.1,13.2,20.8,32.0,33.9,137.1,27.2,36.0,10.6,11.4,9.7,11.5,9.9
82,Berlin,83,Berlin-Friedrichshain-Kreuzberg – Prenzlauer Berg Ost,1.0,26.9,354000.0,75.6,24.4,13153.3,1.3,6.3,16.5,7.2,16.7,34.8,14.4,10.3,87.1,12.9,5.2,536.4,72.0,38.6,332.9,2.5,51.0,4.6,0.0006497175141242938,8.2,8.9,14.5,32.1,44.4,44.9,92.0,20972.0,40105.0,419.5,0.1,13.2,20.8,32.0,33.9,137.1,27.2,36.0,10.6,11.4,9.7,11.5,9.9
83,Berlin,84,Berlin-Treptow-Köpenick,1.0,167.7,271100.0,90.5,9.5,1616.1,1.3,6.3,16.5,7.2,16.7,34.8,14.4,10.3,44.7,55.3,5.2,536.4,72.0,38.6,332.9,2.5,51.0,4.6,0.0008483954260420508,8.2,8.9,14.5,32.1,44.4,44.9,92.0,20972.0,40105.0,419.5,0.1,13.2,20.8,32.0,33.9,137.1,27.2,36.0,10.6,11.4,9.7,11.5,9.9
84,Berlin,85,Berlin-Marzahn-Hellersdorf,1.0,61.8,270200.0,89.3,10.7,4371.3,1.3,6.3,16.5,7.2,16.7,34.8,14.4,10.3,94.2,5.8,5.2,536.4,72.0,38.6,332.9,2.5,51.0,4.6,0.0008512213175425611,8.2,8.9,14.5,32.1,44.4,44.9,92.0,20972.0,40105.0,419.5,0.1,13.2,20.8,32.0,33.9,137.1,27.2,36.0,10.6,11.4,9.7,11.5,9.9
85,Berlin,86,Berlin-Lichtenberg,1.0,52.1,290100.0,83.5,16.5,5566.2,1.3,6.3,16.5,7.2,16.7,34.8,14.4,10.3,85.0,15.0,5.2,536.4,72.0,38.6,332.9,2.5,51.0,4.6,0.0007928300586004824,8.2,8.9,14.5,32.1,44.4,44.9,92.0,20972.0,40105.0,419.5,0.1,13.2,20.8,32.0,33.9,137.1,27.2,36.0,10.6,11.4,9.7,11.5,9.9
86,Nordrhein-Westfalen,87,Aachen I,1.0,160.9,249000.0,81.1,18.9,1547.8,-0.7,6.8,13.8,15.1,18.8,28.5,14.0,9.8,39.9,60.1,4.0,553.7,73.6,40.8,528.2,1.5,41.6,6.7,0.0012048192771084336,9.6,6.2,17.9,31.8,44.0,33.0,95.6,20504.0,37631.0,391.0,0.2,22.2,19.7,22.6,35.3,91.6,25.7,36.2,8.2,8.5,7.8,5.4,9.0
87,Nordrhein-Westfalen,88,Aachen II,9.0,546.1,308100.0,87.8,12.2,564.2,-2.7,1.9,16.9,7.5,11.3,35.0,18.0,11.4,24.9,75.1,2.8,487.1,91.9,44.7,528.2,1.5,41.6,6.7,0.0009737098344693282,9.6,6.2,17.9,31.8,44.0,33.0,95.6,20504.0,37631.0,391.0,0.2,22.2,19.7,22.6,35.3,91.6,25.7,36.2,8.2,8.5,7.8,5.4,9.0
88,Nordrhein-Westfalen,89,Heinsberg,10.0,627.9,255600.0,88.1,11.9,407.0,-2.4,7.1,16.9,7.4,11.5,35.7,18.0,10.6,25.3,74.7,5.8,477.4,103.5,49.4,630.9,1.1,39.7,7.9,0.0010172143974960877,10.8,4.3,20.0,39.0,36.7,26.0,91.2,20631.0,25720.0,289.9,0.9,29.4,24.0,14.3,31.5,61.7,27.4,26.7,6.0,6.3,5.6,5.7,6.2
89,Nordrhein-Westfalen,90,Düren,15.0,941.5,264600.0,88.8,11.2,281.1,-2.8,5.3,16.8,7.8,12.0,34.6,18.1,10.7,21.8,78.2,3.4,478.1,99.0,47.3,613.3,1.1,36.4,7.3,0.000982615268329554,10.2,6.0,18.1,35.8,40.0,28.0,91.3,21194.0,29629.0,324.1,0.9,30.1,17.1,22.9,29.1,82.9,28.1,32.0,7.3,7.6,6.9,7.2,6.3
90,Nordrhein-Westfalen,91,Rhein-Erft-Kreis I,7.0,525.3,340100.0,87.1,12.9,647.5,-1.0,2.0,17.6,7.4,11.4,35.8,17.2,10.6,33.7,66.3,3.4,472.9,95.6,45.2,596.4,1.3,39.1,6.0,0.0006468685680682153,10.2,4.7,12.9,42.5,39.8,29.9,91.8,22675.0,34641.0,309.3,0.7,25.4,30.4,18.6,24.9,72.4,28.9,38.4,7.4,7.5,7.2,6.4,7.9
91,Nordrhein-Westfalen,92,Euskirchen – Rhein-Erft-Kreis II,14.0,1428.1,324100.0,90.3,9.7,227.0,-2.9,5.7,16.7,7.2,11.0,35.5,18.1,11.5,15.8,84.2,5.5,482.1,100.3,48.3,642.4,1.3,39.7,7.4,0.0006788028386300525,10.9,5.9,13.2,40.8,40.1,27.4,92.5,22190.0,30595.0,302.7,0.8,26.6,27.5,14.9,30.1,62.6,29.0,34.1,6.7,7.0,6.4,5.7,7.3
92,Nordrhein-Westfalen,93,Köln I,1.0,128.3,297600.0,77.2,22.8,2318.6,1.4,0.4,16.1,8.5,17.1,35.5,13.6,9.2,61.1,38.9,2.1,517.7,74.5,38.6,451.2,2.2,53.0,5.1,0.0009744623655913979,9.1,6.0,15.7,35.2,43.1,33.0,93.6,22402.0,59588.0,532.8,0.0,14.0,22.3,37.0,26.7,112.6,26.9,42.3,9.8,10.5,9.1,7.1,10.8
93,Nordrhein-Westfalen,94,Köln II,1.0,101.5,330800.0,85.4,14.6,3258.2,1.4,0.4,16.1,8.5,17.1,35.5,13.6,9.2,61.1,38.9,2.1,517.7,74.5,38.6,451.2,2.2,53.0,5.1,0.0008766626360338573,9.1,6.0,15.7,35.2,43.1,33.0,93.6,22402.0,59588.0,532.8,0.0,14.0,22.3,37.0,26.7,112.6,26.9,42.3,9.8,10.5,9.1,7.1,10.8
94,Nordrhein-Westfalen,95,Köln III,1.0,122.9,309700.0,80.1,19.9,2519.6,1.4,0.4,16.1,8.5,17.1,35.5,13.6,9.2,61.1,38.9,2.1,517.7,74.5,38.6,451.2,2.2,53.0,5.1,0.0009363900548918307,9.1,6.0,15.7,35.2,43.1,33.0,93.6,22402.0,59588.0,532.8,0.0,14.0,22.3,37.0,26.7,112.6,26.9,42.3,9.8,10.5,9.1,7.1,10.8
95,Nordrhein-Westfalen,96,Bonn,1.0,141.1,329700.0,82.8,17.2,2337.1,1.1,5.9,17.3,10.0,15.7,33.2,13.9,9.8,51.2,48.8,4.0,528.0,79.8,42.2,531.6,2.1,44.2,4.3,0.001091901728844404,12.1,3.9,13.4,31.7,51.0,33.7,93.1,23471.0,80289.0,545.7,0.1,7.3,15.3,31.8,45.6,95.9,30.4,41.1,8.1,8.9,7.2,5.2,8.8
96,Nordrhein-Westfalen,97,Rhein-Sieg-Kreis I,10.0,660.7,314900.0,89.5,10.5,476.6,-1.4,3.5,17.7,7.5,11.3,35.8,17.1,10.7,23.6,76.4,3.5,470.1,100.0,47.0,611.1,1.4,40.9,6.7,0.0005080978088281994,9.6,4.5,15.5,36.3,43.7,30.0,90.1,24038.0,28026.0,273.1,1.0,25.9,24.9,17.7,30.5,60.0,28.8,37.6,5.9,6.5,5.4,5.2,6.3
97,Nordrhein-Westfalen,98,Rhein-Sieg-Kreis II,9.0,492.5,285900.0,89.8,10.2,580.4,-1.9,3.0,17.4,7.4,10.6,35.0,17.5,12.1,25.7,74.3,2.8,473.7,103.0,48.8,611.1,1.4,40.9,6.7,0.0005596362364463099,9.6,4.5,15.5,36.3,43.7,30.0,90.1,24038.0,28026.0,273.1,1.0,25.9,24.9,17.7,30.5,60.0,28.8,37.6,5.9,6.5,5.4,5.2,6.3
98,Nordrhein-Westfalen,99,Oberbergischer Kreis,13.0,918.8,272100.0,90.2,9.8,296.1,-3.1,1.6,17.5,7.7,11.2,34.8,17.3,11.4,20.1,79.9,2.5,481.5,98.5,47.4,653.1,1.1,39.9,7.1,0.0009187798603454611,12.9,4.7,15.8,42.1,37.4,22.9,88.5,23194.0,36181.0,383.3,0.4,40.8,17.2,17.4,24.1,53.3,26.2,34.9,6.1,6.6,5.5,5.7,6.9
99,Nordrhein-Westfalen,100,Rheinisch-Bergischer Kreis,8.0,437.3,283300.0,90.5,9.5,647.7,-3.2,2.6,16.8,6.8,10.0,35.8,17.6,13.0,25.5,74.5,3.6,496.8,98.6,49.0,637.9,1.7,47.5,7.9,0.0007412636780797741,9.9,5.0,11.2,38.5,45.2,33.3,89.3,26493.0,27168.0,265.4,0.4,25.5,22.1,18.4,33.5,62.3,27.5,37.4,6.5,7.0,5.9,5.7,7.2
100,Nordrhein-Westfalen,101,Leverkusen – Köln IV,1.0,131.1,313500.0,80.8,19.2,2391.6,-0.1,0.8,16.7,7.8,14.5,35.4,14.8,10.8,59.6,40.4,1.6,509.7,78.4,40.0,506.5,2.0,41.8,5.1,0.001084529505582137,10.5,5.4,16.3,35.5,42.9,29.3,92.8,22064.0,55339.0,459.4,0.1,23.1,20.7,29.0,27.1,109.0,28.7,42.2,9.2,9.7,8.5,7.1,9.3
101,Nordrhein-Westfalen,102,Wuppertal I,1.0,130.8,313000.0,78.3,21.7,2392.9,-2.2,4.3,17.3,8.3,13.5,33.7,16.0,11.3,50.2,49.8,1.0,542.5,77.8,42.2,490.8,1.6,38.7,6.3,0.001182108626198083,10.5,6.9,17.3,36.3,39.5,20.0,84.0,21480.0,36429.0,355.8,0.0,25.3,20.9,21.7,32.1,142.2,29.8,46.5,10.3,11.0,9.5,10.0,8.8
102,Nordrhein-Westfalen,103,Solingen – Remscheid – Wuppertal II,2.0,201.7,312700.0,83.6,16.4,1550.7,-2.9,3.5,17.0,7.5,12.2,34.9,16.5,11.9,46.9,53.1,1.5,528.3,80.8,42.7,571.0,1.5,41.6,7.3,0.0008634473936680525,10.5,6.9,15.4,37.2,40.4,26.2,87.2,22701.0,33974.0,363.7,0.1,37.1,18.9,16.3,27.6,102.1,29.0,43.0,8.4,8.9,7.8,8.3,7.9
103,Nordrhein-Westfalen,104,Mettmann I,6.0,183.8,268900.0,88.3,11.7,1463.2,-2.9,2.3,16.7,6.6,10.5,35.0,17.7,13.5,45.4,54.6,3.3,507.5,88.5,44.9,611.8,1.8,44.9,6.7,0.000855336556340647,9.7,4.9,14.0,40.3,40.8,30.9,91.4,25684.0,40547.0,399.7,0.2,29.1,28.5,20.7,21.5,79.5,29.6,40.1,7.2,7.7,6.6,5.8,7.8
104,Nordrhein-Westfalen,105,Mettmann II,4.0,223.4,216700.0,86.4,13.6,969.7,-4.0,4.1,16.8,6.9,10.4,35.3,17.5,13.1,36.2,63.8,1.5,512.1,87.4,44.8,611.8,1.8,44.9,6.7,0.0010613751730502998,9.7,4.9,14.0,40.3,40.8,30.9,91.4,25684.0,40547.0,399.7,0.2,29.1,28.5,20.7,21.5,79.5,29.6,40.1,7.2,7.7,6.6,5.8,7.8
105,Nordrhein-Westfalen,106,Düsseldorf I,1.0,129.6,331800.0,79.5,20.5,2559.6,0.2,3.1,16.1,7.1,16.4,35.5,14.4,10.5,61.2,38.8,3.7,558.5,73.8,41.2,505.4,2.3,62.3,6.2,0.0009644364074743822,8.7,5.5,16.3,35.3,42.9,37.9,95.8,26087.0,81563.0,690.7,0.1,11.9,22.5,40.7,24.9,94.3,27.1,43.9,8.4,9.1,7.8,6.6,9.8
106,Nordrhein-Westfalen,107,Düsseldorf II,1.0,87.8,290100.0,79.1,20.9,3304.5,0.2,3.1,16.1,7.1,16.4,35.5,14.4,10.5,61.2,38.8,3.7,558.5,73.8,41.2,505.4,2.3,62.3,6.2,0.0011030679076180626,8.7,5.5,16.3,35.3,42.9,37.9,95.8,26087.0,81563.0,690.7,0.1,11.9,22.5,40.7,24.9,94.3,27.1,43.9,8.4,9.1,7.8,6.6,9.8
107,Nordrhein-Westfalen,108,Neuss I,4.0,347.5,295300.0,86.5,13.5,849.7,-1.9,2.4,17.5,7.2,11.5,35.8,16.9,11.1,35.3,64.7,3.0,480.9,90.3,43.4,608.4,1.5,41.6,6.3,0.0006095496105655266,10.2,3.9,11.6,36.1,48.3,31.3,95.3,25324.0,39371.0,332.5,0.8,27.7,30.0,17.0,24.5,68.8,28.5,37.7,6.2,6.5,5.9,4.8,6.2
108,Nordrhein-Westfalen,109,Mönchengladbach,1.0,170.5,261000.0,83.4,16.6,1531.3,-2.7,1.2,16.7,7.8,13.3,34.2,17.2,10.8,50.4,49.6,2.3,528.9,82.8,43.8,533.1,1.2,39.5,7.0,0.0017241379310344827,10.8,8.9,17.4,33.3,40.5,19.0,81.1,20841.0,33785.0,386.4,0.2,21.5,27.6,20.6,30.1,140.0,29.5,36.2,10.9,11.3,10.5,11.3,9.8
109,Nordrhein-Westfalen,110,Krefeld I – Neuss II,5.0,301.5,271500.0,87.3,12.7,900.6,-3.2,5.1,16.8,6.7,10.8,35.6,17.7,12.4,43.5,56.5,2.1,505.2,92.3,46.6,573.3,1.4,41.5,6.4,0.0009576427255985267,10.3,5.5,14.4,35.2,44.8,29.5,93.2,23742.0,39889.0,368.8,0.6,29.2,27.1,16.9,26.1,92.1,27.0,38.0,8.5,8.9,8.1,6.3,8.2
110,Nordrhein-Westfalen,111,Viersen,9.0,563.3,298900.0,89.8,10.2,530.6,-3.4,3.1,16.2,7.0,10.8,36.2,18.1,11.7,26.3,73.7,2.2,482.9,96.1,46.4,632.7,1.0,45.4,8.1,0.0006356641017062562,10.4,5.0,14.7,35.7,44.6,29.6,95.2,23204.0,28457.0,315.3,2.1,28.1,27.1,15.4,27.3,59.5,26.4,29.2,6.3,6.8,5.9,4.7,7.2
111,Nordrhein-Westfalen,112,Kleve,16.0,1233.0,312500.0,84.7,15.3,253.4,-2.6,7.7,16.6,7.9,12.2,35.3,17.7,10.3,17.6,82.4,4.5,471.6,101.0,47.7,620.5,1.0,40.7,7.2,0.0007999999999999999,9.1,6.7,15.7,45.7,31.9,29.6,96.0,20716.0,30752.0,332.5,4.8,24.5,24.7,14.6,31.5,52.5,24.2,32.8,5.8,5.9,5.6,4.6,6.2
112,Nordrhein-Westfalen,113,Wesel I,10.0,884.0,261500.0,92.1,7.9,295.8,-3.7,3.7,16.0,6.8,10.9,35.2,19.2,12.0,18.7,81.3,4.0,476.3,96.2,45.8,624.2,1.1,36.4,6.1,0.0012237093690248566,10.2,5.6,17.5,35.9,41.1,26.5,91.4,22230.0,28520.0,302.9,0.7,26.4,26.0,15.0,31.9,72.9,26.6,32.8,6.9,7.3,6.5,6.2,6.6
113,Nordrhein-Westfalen,114,Krefeld II – Wesel II,2.0,176.4,243500.0,85.7,14.3,1380.1,-3.3,5.3,16.2,7.0,11.9,34.5,18.2,12.1,49.0,51.0,1.7,513.3,84.4,43.3,578.6,1.2,38.7,6.2,0.001437371663244353,10.3,6.6,17.8,35.0,40.6,26.8,90.8,21935.0,34084.0,356.2,0.6,28.8,24.9,16.0,29.7,96.3,26.1,36.0,9.1,9.6,8.6,7.1,8.6
114,Nordrhein-Westfalen,115,Duisburg I,1.0,119.1,245600.0,80.6,19.4,2062.4,-1.9,2.2,17.2,8.2,13.7,34.0,16.0,11.0,60.9,39.1,1.3,517.2,73.7,38.1,466.8,1.1,28.4,4.3,0.0011807817589576546,9.7,9.8,17.8,35.9,36.5,17.6,80.6,17126.0,36475.0,350.2,0.1,25.8,24.3,21.6,28.3,150.0,29.4,44.6,12.8,12.6,13.0,9.2,11.6
115,Nordrhein-Westfalen,116,Duisburg II,1.0,113.7,253100.0,76.7,23.3,2225.6,-1.9,2.2,17.2,8.2,13.7,34.0,16.0,11.0,60.9,39.1,1.3,517.2,73.7,38.1,466.8,1.1,28.4,4.3,0.0011457921770051363,9.7,9.8,17.8,35.9,36.5,17.6,80.6,17126.0,36475.0,350.2,0.1,25.8,24.3,21.6,28.3,150.0,29.4,44.6,12.8,12.6,13.0,9.2,11.6
116,Nordrhein-Westfalen,117,Oberhausen – Wesel III,2.0,124.8,278100.0,85.9,14.1,2229.6,-3.8,3.1,15.9,7.1,12.5,34.6,18.4,11.6,63.7,36.3,1.6,520.8,79.3,41.3,553.2,1.0,32.7,5.7,0.0009349154980222941,9.7,6.9,17.5,34.0,41.6,22.7,83.5,19569.0,27512.0,312.7,0.2,25.4,24.7,19.9,29.8,119.7,27.1,35.9,10.0,10.4,9.5,7.6,9.2
117,Nordrhein-Westfalen,118,Mülheim – Essen I,1.0,115.8,253200.0,85.5,14.5,2186.4,-3.4,2.2,16.3,7.2,12.7,33.8,17.3,12.6,58.0,42.0,2.1,536.7,80.3,43.1,536.5,1.5,38.9,5.2,0.0011058451816745654,9.6,7.4,12.2,36.2,44.3,31.3,88.3,22330.0,37802.0,373.6,0.1,23.9,21.5,26.2,28.2,131.1,30.3,44.8,9.8,10.3,9.3,6.9,9.8
118,Nordrhein-Westfalen,119,Essen II,1.0,67.7,246600.0,78.2,21.8,3642.6,-1.8,0.4,16.3,7.7,14.3,33.4,16.6,11.7,66.7,33.3,1.8,541.6,75.1,40.7,501.1,1.6,37.7,4.9,0.00137875101378751,9.3,8.0,13.5,35.6,42.9,29.6,87.3,20626.0,43365.0,436.1,0.1,17.5,20.9,30.2,31.4,151.8,29.1,40.4,11.5,12.0,10.9,10.3,9.2
119,Nordrhein-Westfalen,120,Essen III,1.0,118.1,253600.0,87.6,12.4,2147.1,-1.9,0.4,16.3,7.7,14.3,33.4,16.6,11.7,66.7,33.3,1.8,541.6,75.1,40.7,501.1,1.6,37.7,4.9,0.0013406940063091482,9.3,8.0,13.5,35.6,42.9,29.6,87.3,20626.0,43365.0,436.1,0.1,17.5,20.9,30.2,31.4,151.8,29.1,40.4,11.5,12.0,10.9,10.3,9.2
120,Nordrhein-Westfalen,121,Recklinghausen I,3.0,165.3,214100.0,88.8,11.2,1295.3,-4.7,-0.2,16.0,7.0,11.2,34.9,19.3,11.7,46.9,53.1,2.5,545.6,82.6,45.0,577.9,1.2,31.4,5.3,0.0017748715553479683,10.3,6.1,15.4,43.6,35.0,26.7,89.8,20426.0,25763.0,279.1,0.5,25.2,23.1,14.2,37.1,117.0,27.7,34.5,9.2,9.7,8.6,7.3,9.0
121,Nordrhein-Westfalen,122,Recklinghausen II,5.0,388.9,249800.0,88.3,11.7,642.2,-4.5,4.3,16.0,7.2,11.0,35.0,18.8,12.0,29.5,70.5,2.0,509.9,85.9,43.8,577.9,1.2,31.4,5.3,0.001521216973578863,10.3,6.1,15.4,43.6,35.0,26.7,89.8,20426.0,25763.0,279.1,0.5,25.2,23.1,14.2,37.1,117.0,27.7,34.5,9.2,9.7,8.6,7.3,9.0
122,Nordrhein-Westfalen,123,Gelsenkirchen,1.0,104.9,259600.00000000003,79.4,20.6,2474.2,-3.1,-0.9,17.9,8.0,12.9,33.7,16.9,10.6,72.2,27.8,0.4,536.4,72.6,38.9,473.8,1.2,27.7,4.4,0.0013097072419106315,10.7,10.1,23.9,33.9,32.1,18.3,83.5,16450.0,30249.0,315.4,0.1,21.7,20.8,22.5,34.9,201.8,30.2,44.9,15.8,16.1,15.5,13.4,13.1
123,Nordrhein-Westfalen,124,Steinfurt I – Borken I,12.0,978.0,275800.0,88.1,11.9,282.0,0.3,3.0,18.6,8.5,12.2,35.1,15.8,9.9,18.5,81.5,4.6,448.3,103.5,46.4,609.2,1.0,39.4,7.3,0.0015953589557650472,11.6,4.9,16.7,46.2,32.2,35.8,97.1,22414.0,34403.0,379.8,1.1,36.2,24.3,13.0,25.4,44.3,28.3,37.6,4.3,4.4,4.3,3.7,4.8
124,Nordrhein-Westfalen,125,Bottrop – Recklinghausen III,3.0,307.8,267900.0,88.6,11.4,870.4,-3.2,3.4,16.5,7.3,11.4,34.6,18.7,11.5,34.0,66.0,2.0,505.0,84.5,42.7,581.3,1.1,31.1,5.4,0.0011198208286674132,9.9,5.5,13.8,43.3,37.4,25.2,89.8,20349.0,24440.0,276.7,0.5,24.0,23.5,14.5,37.4,109.8,27.7,35.2,9.0,9.6,8.3,7.5,8.3
125,Nordrhein-Westfalen,126,Borken II,12.0,996.4,260800.0,92.5,7.5,261.7,-0.3,1.3,17.9,7.7,11.9,35.6,16.7,10.2,17.2,82.8,4.8,448.7,103.4,46.4,606.8,0.9,43.8,8.6,0.0015337423312883436,11.6,5.0,17.2,48.7,29.0,33.9,98.2,22433.0,37294.0,403.8,1.2,40.7,21.2,13.0,23.8,40.6,27.1,36.6,4.0,4.0,4.0,3.2,5.0
126,Nordrhein-Westfalen,127,Coesfeld – Steinfurt II,14.0,1261.9,247300.0,93.3,6.7,196.0,-1.1,4.1,17.6,7.6,10.7,35.7,17.8,10.6,13.8,86.2,4.1,448.8,105.7,47.5,633.3,1.2,40.5,7.4,0.0014961585119288314,12.1,5.0,15.9,42.3,36.8,39.6,97.2,23719.0,28950.0,328.3,1.9,29.9,24.1,13.7,30.4,37.9,28.6,38.3,3.4,3.6,3.1,3.0,3.9
127,Nordrhein-Westfalen,128,Steinfurt III,14.0,1092.5,256300.0,91.0,9.0,234.6,-0.8,1.6,17.9,7.9,11.4,35.6,16.7,10.4,18.0,82.0,3.8,446.4,104.8,46.8,610.8,1.0,36.4,6.5,0.0017947717518532968,11.6,4.8,16.4,44.5,34.4,37.2,96.3,22402.0,32470.0,363.7,1.0,32.9,26.6,13.0,26.6,46.8,29.0,38.1,4.5,4.6,4.4,4.1,4.8
128,Nordrhein-Westfalen,129,Münster,1.0,303.3,315300.0,89.2,10.8,1039.6,1.3,1.2,15.0,12.4,17.9,31.8,13.6,9.4,33.1,66.9,5.5,531.1,81.7,43.4,467.3,1.7,41.9,4.7,0.0015540754836663494,10.0,6.3,12.3,30.1,51.4,38.5,95.4,22954.0,55003.0,554.3,0.4,12.6,18.6,29.0,39.4,66.4,28.2,36.0,5.3,5.9,4.6,3.3,6.0
129,Nordrhein-Westfalen,130,Warendorf,13.0,1319.4,277800.0,89.4,10.6,210.6,-1.8,2.2,17.7,7.7,11.0,35.2,17.3,11.1,14.8,85.2,3.7,462.8,101.4,46.9,621.1,1.0,37.2,7.1,0.0010079193664506837,12.7,4.2,21.7,39.3,34.8,33.4,94.3,23839.0,31221.0,337.2,1.5,39.8,19.1,13.6,26.0,54.3,29.1,42.2,5.1,5.2,5.0,4.3,5.6
130,Nordrhein-Westfalen,131,Gütersloh I,11.0,866.3,326900.0,86.0,14.0,377.4,0.1,2.7,18.0,8.0,12.1,35.7,15.8,10.5,21.7,78.3,4.5,457.3,99.2,45.4,628.0,1.1,41.1,7.0,0.0007647598654022637,11.3,5.0,17.3,38.6,39.1,27.9,90.5,25242.0,48500.0,499.5,0.7,47.9,19.7,15.0,16.8,48.8,28.8,43.4,4.6,4.6,4.6,3.9,4.8
131,Nordrhein-Westfalen,132,Bielefeld – Gütersloh II,2.0,294.3,345300.0,85.1,14.9,1173.6,-0.2,2.0,17.2,9.2,14.3,33.1,15.1,11.1,40.5,59.5,2.6,515.4,82.0,42.3,519.4,1.7,39.0,5.4,0.001071532001158413,12.4,6.6,12.0,42.1,39.2,28.6,93.3,23108.0,41258.0,476.3,0.2,22.1,22.5,20.8,34.4,108.4,28.1,46.4,8.9,9.3,8.4,7.0,9.1
132,Nordrhein-Westfalen,133,Herford – Minden-Lübbecke II,10.0,515.2,299200.0,90.2,9.8,580.7,-3.1,1.9,17.0,7.4,11.2,34.9,17.2,12.2,32.3,67.7,2.0,493.3,96.6,47.7,648.6,1.1,40.4,6.6,0.0012366310160427808,12.0,4.6,13.3,44.6,37.5,29.6,90.2,22784.0,35138.0,383.9,0.5,39.7,22.3,12.4,25.2,65.7,29.3,37.2,6.1,6.5,5.6,6.0,6.4
133,Nordrhein-Westfalen,134,Minden-Lübbecke I,10.0,1087.6,261800.0,92.3,7.7,240.7,-2.4,1.5,17.7,7.7,11.3,34.0,17.5,11.8,19.6,80.4,2.5,471.7,103.2,48.7,651.7,1.1,38.6,6.3,0.0011077158135981665,12.8,6.7,15.2,40.5,37.6,27.0,87.4,23052.0,41627.0,417.4,0.5,34.3,20.2,14.5,30.6,71.8,28.8,37.3,5.9,6.4,5.3,6.3,5.3
134,Nordrhein-Westfalen,135,Lippe I,11.0,889.2,293200.0,91.3,8.7,329.8,-3.0,0.3,17.8,7.6,11.2,33.3,17.6,12.4,19.3,80.7,2.2,505.5,93.9,47.4,622.9,1.0,37.8,6.2,0.001091405184174625,11.4,5.2,18.8,40.5,35.6,27.9,86.8,22592.0,30573.0,331.3,0.8,36.5,19.1,12.2,31.4,72.9,28.5,37.0,6.4,6.8,5.9,5.9,6.1
135,Nordrhein-Westfalen,136,Höxter – Gütersloh III – Lippe II,16.0,1625.9,221400.0,93.2,6.8,136.2,-3.4,1.6,17.3,7.6,10.9,34.4,17.9,11.8,12.2,87.8,1.9,481.2,103.2,49.7,632.4,0.8,38.3,7.1,0.0018066847335140017,12.0,5.8,14.1,43.6,36.5,27.1,88.7,22548.0,31378.0,343.5,1.0,37.2,21.3,11.5,29.1,51.5,26.8,33.1,4.9,5.3,4.4,4.5,5.5
136,Nordrhein-Westfalen,137,Paderborn,10.0,1246.8,307800.0,90.6,9.4,246.9,0.7,2.9,17.6,9.4,14.1,33.8,15.8,9.3,16.0,84.0,3.7,472.2,97.5,46.1,592.9,1.3,40.3,6.5,0.0010721247563352826,11.5,5.7,18.5,39.8,36.1,31.9,94.8,21601.0,35962.0,388.6,0.8,30.5,20.3,18.8,29.6,65.2,26.8,35.1,5.9,6.1,5.5,4.5,6.9
137,Nordrhein-Westfalen,138,Hagen – Ennepe-Ruhr-Kreis I,5.0,324.1,287000.0,83.1,16.9,885.4,-4.0,3.0,17.0,7.5,11.9,33.9,17.4,12.2,29.3,70.7,1.0,542.5,80.5,43.7,554.0,1.3,35.3,5.4,0.001289198606271777,10.7,5.9,17.0,37.5,39.5,23.1,88.3,21541.0,33334.0,359.5,0.1,29.7,23.3,14.9,32.0,122.4,29.5,46.7,10.5,11.1,9.8,8.9,9.5
138,Nordrhein-Westfalen,139,Ennepe-Ruhr-Kreis II,5.0,245.9,225800.0,90.1,9.9,918.0,-4.5,3.3,15.2,7.0,11.4,34.9,18.7,12.8,33.5,66.5,1.3,533.8,84.6,45.2,613.4,1.3,39.2,5.9,0.0010186005314437555,9.6,4.9,13.1,40.0,42.0,29.1,91.0,24441.0,30469.0,333.8,0.2,35.8,21.1,12.6,30.2,79.3,27.9,38.2,7.1,7.8,6.4,6.2,6.8
139,Nordrhein-Westfalen,140,Bochum I,1.0,103.3,277700.0,86.1,13.9,2687.7,-3.4,5.4,14.7,8.8,14.7,32.8,17.2,11.7,69.8,30.2,1.0,544.9,75.8,41.3,556.2,1.3,35.0,4.7,0.0011523226503420958,9.9,7.8,17.0,35.7,39.4,30.0,89.7,20048.0,33171.0,375.8,0.0,17.3,22.7,22.0,37.9,120.1,27.0,41.0,9.8,10.6,8.9,6.9,10.4
140,Nordrhein-Westfalen,141,Herne – Bochum II,1.0,93.8,244400.0,84.4,15.6,2606.1,-4.1,5.1,15.7,8.3,13.3,33.8,17.2,11.6,72.4,27.6,1.3,538.9,75.2,40.5,517.9,1.2,30.3,4.5,0.0014729950900163667,10.5,8.4,17.3,37.8,36.5,25.4,87.4,18665.0,26777.0,328.2,0.0,21.2,22.6,17.8,38.5,139.6,27.3,43.9,11.3,12.0,10.4,9.6,10.1
141,Nordrhein-Westfalen,142,Dortmund I,1.0,126.3,283400.0,85.3,14.7,2243.7,-1.7,2.5,16.4,8.5,14.4,33.8,16.0,10.9,59.8,40.2,2.3,541.0,76.0,41.1,495.0,1.4,35.0,4.1,0.0013761467889908255,9.7,8.2,15.8,38.9,37.0,30.6,89.8,19318.0,38469.0,419.6,0.1,17.6,23.7,26.7,32.0,147.5,28.3,42.1,12.1,12.6,11.6,10.1,10.7
142,Nordrhein-Westfalen,143,Dortmund II,1.0,154.4,304800.0,78.7,21.3,1974.4,-1.7,2.5,16.4,8.5,14.4,33.8,16.0,10.9,59.8,40.2,2.3,541.0,76.0,41.1,495.0,1.4,35.0,4.1,0.001279527559055118,9.7,8.2,15.8,38.9,37.0,30.6,89.8,19318.0,38469.0,419.6,0.1,17.6,23.7,26.7,32.0,147.5,28.3,42.1,12.1,12.6,11.6,10.1,10.7
143,Nordrhein-Westfalen,144,Unna I,7.0,347.3,252900.0,89.7,10.3,728.3,-4.3,3.8,16.2,7.2,10.8,35.1,18.6,12.1,33.1,66.9,1.9,502.3,89.3,44.8,606.8,1.2,32.9,4.9,0.001265322261763543,11.4,6.5,18.0,35.2,40.2,29.1,89.8,21494.0,30568.0,331.8,0.3,26.9,28.9,16.7,27.2,88.9,27.4,34.6,8.0,8.6,7.3,6.2,7.7
144,Nordrhein-Westfalen,145,Hamm – Unna II,4.0,422.4,321900.0,86.1,13.9,762.1,-3.1,5.4,17.1,8.0,11.9,34.3,17.4,11.2,31.5,68.5,2.6,493.9,85.1,42.0,570.3,1.1,30.9,4.6,0.0010872941907424667,11.7,7.1,19.3,39.8,33.7,28.1,89.7,19796.0,30045.0,334.5,0.2,25.1,27.3,16.5,30.9,97.6,23.1,36.6,8.8,9.3,8.2,6.8,7.7
145,Nordrhein-Westfalen,146,Soest,14.0,1328.6,301800.0,90.3,9.7,227.1,-2.3,1.9,17.0,7.5,11.4,35.2,17.5,11.3,16.1,83.9,2.9,480.7,99.9,48.0,630.2,1.1,39.2,5.9,0.0012922465208747515,12.0,6.8,13.9,40.8,38.5,31.3,95.3,22746.0,35976.0,369.8,1.3,38.1,20.3,12.0,28.3,58.7,25.8,34.7,6.0,6.3,5.6,4.8,7.1
146,Nordrhein-Westfalen,147,Hochsauerlandkreis,12.0,1960.2,259800.0,90.9,9.1,132.5,-3.8,1.1,16.4,7.4,11.5,35.0,17.9,11.8,13.0,87.0,2.2,507.7,99.5,50.5,641.8,0.9,43.3,7.8,0.0016166281755196307,11.8,4.3,21.2,41.7,32.9,32.3,94.5,24345.0,36719.0,411.9,0.9,41.4,18.5,11.5,27.7,48.3,26.4,36.7,4.8,4.9,4.6,4.0,5.1
147,Nordrhein-Westfalen,148,Siegen-Wittgenstein,11.0,1132.9,276900.0,89.1,10.9,244.5,-2.2,-2.5,16.4,8.5,12.8,33.5,17.5,11.3,16.9,83.1,1.7,499.0,95.8,47.8,635.6,1.2,36.8,5.7,0.0013001083423618636,11.6,4.5,15.6,43.1,36.7,27.4,94.3,23302.0,40775.0,421.3,0.2,40.8,20.4,12.9,25.7,63.3,27.9,40.3,6.0,6.3,5.5,5.7,6.4
148,Nordrhein-Westfalen,149,Olpe – Märkischer Kreis I,13.0,1161.5,276100.0,88.0,12.0,237.7,-2.4,-2.3,17.1,7.5,11.7,35.3,17.2,11.2,15.1,84.9,2.3,497.6,94.7,47.1,641.4,1.1,37.8,6.8,0.0010503440782325243,11.6,6.9,15.0,42.4,35.7,26.2,92.7,26336.0,39197.0,415.7,0.4,51.5,15.6,10.4,22.0,59.2,27.4,38.1,6.0,6.2,5.7,5.1,6.5
149,Nordrhein-Westfalen,150,Märkischer Kreis II,9.0,611.7,268100.0,86.9,13.1,438.2,-4.3,-1.2,16.6,7.4,11.3,35.1,17.7,12.0,19.2,80.8,1.5,517.9,87.8,45.5,617.0,1.2,36.6,6.1,0.001268183513614323,10.5,7.8,17.1,39.8,35.2,23.9,90.5,24762.0,37313.0,390.9,0.3,49.5,16.3,10.6,23.3,79.0,27.2,37.7,7.5,7.9,7.1,6.5,7.7
150,Sachsen,151,Nordsachsen,30.0,2028.6,197700.0,95.9,4.1,97.5,-5.8,6.5,15.8,4.6,9.2,36.1,20.4,14.0,11.3,88.7,2.5,561.3,80.1,45.0,584.0,0.8,39.4,9.7,0.0008093070308548305,8.0,10.5,10.5,48.8,30.3,56.4,91.9,20340.0,27465.0,375.1,2.9,28.9,31.3,9.8,27.1,62.1,19.8,14.2,7.4,7.7,6.9,10.3,9.1
151,Sachsen,152,Leipzig I,1.0,169.8,293100.0,89.8,10.2,1726.1,0.4,8.8,16.0,8.8,17.9,31.7,13.7,11.8,54.9,45.1,4.0,575.6,68.7,39.5,387.9,1.8,40.9,5.3,0.0006141248720573184,6.4,10.8,9.5,40.7,38.9,51.2,93.7,18825.0,36761.0,462.0,0.1,15.5,21.5,32.8,30.1,98.4,24.7,29.7,8.3,9.1,7.5,7.7,9.0
152,Sachsen,153,Leipzig II,1.0,128.0,300000.0,90.9,9.1,2344.1,0.4,8.8,16.0,8.8,17.9,31.7,13.7,11.8,54.9,45.1,4.0,575.6,68.7,39.5,387.9,1.8,40.9,5.3,0.0006000000000000001,6.4,10.8,9.5,40.7,38.9,51.2,93.7,18825.0,36761.0,462.0,0.1,15.5,21.5,32.8,30.1,98.4,24.7,29.7,8.3,9.1,7.5,7.7,9.0
153,Sachsen,154,Leipzig-Land,30.0,1651.3,258100.00000000003,97.5,2.5,156.3,-6.2,7.6,16.1,4.4,8.6,36.1,20.5,14.3,16.7,83.3,4.2,560.6,81.1,45.5,592.2,1.0,40.6,9.5,0.0003874467260751646,7.6,6.5,10.8,50.1,32.7,57.8,94.7,21768.0,26107.0,305.7,2.0,32.3,24.4,10.6,30.8,53.8,21.4,11.5,6.1,6.8,5.4,7.7,6.9
154,Sachsen,155,Meißen,28.0,1454.6,241700.0,96.8,3.2,166.2,-6.1,4.6,16.2,4.4,8.6,35.1,20.0,15.7,12.3,87.7,2.1,568.0,77.8,44.2,570.0,1.2,40.6,10.1,0.0005792304509722796,9.1,6.1,9.9,53.4,30.6,54.7,95.3,21310.0,27919.0,366.8,2.4,34.6,24.8,10.7,27.5,50.6,20.8,13.2,6.3,6.7,5.8,5.5,8.1
155,Sachsen,156,Bautzen I,52.0,2224.9,252500.0,97.7,2.3,113.5,-6.9,1.6,15.8,4.3,8.4,34.7,21.2,15.6,12.6,87.4,1.6,552.9,79.3,43.8,603.4,0.9,37.7,10.2,0.0005544554455445544,8.6,6.8,10.1,51.5,31.7,55.8,96.3,20632.0,26384.0,377.7,1.6,35.9,20.5,12.5,29.5,46.5,20.2,9.3,5.7,6.2,5.1,5.8,7.7
156,Sachsen,157,Görlitz,53.0,2111.4,252700.0,95.4,4.6,119.7,-9.0,1.0,15.0,4.8,8.4,33.3,21.8,16.7,15.6,84.4,0.8,616.1,76.8,47.3,567.7,0.7,37.1,9.6,0.0006727344677483182,7.9,9.1,10.8,51.7,28.4,51.6,93.7,19486.0,26380.0,342.7,2.0,32.1,18.7,11.2,35.9,73.6,19.8,13.5,8.9,10.1,7.7,8.6,11.9
157,Sachsen,158,Sächsische Schweiz-Osterzgebirge,36.0,1654.2,245600.0,97.1,2.9,148.5,-5.8,5.7,16.8,4.6,8.9,34.6,19.7,15.4,9.9,90.1,2.2,560.2,75.9,42.5,581.3,1.2,41.8,11.2,0.0005293159609120522,7.9,9.4,8.3,53.0,29.3,55.0,94.3,20914.0,23650.0,323.9,2.0,35.7,20.0,9.0,33.3,45.4,22.0,12.3,5.6,6.2,4.8,6.7,6.9
158,Sachsen,159,Dresden I,1.0,81.5,302100.0,90.2,9.8,3707.1,0.5,3.8,16.9,8.5,15.9,31.6,14.2,12.9,43.4,56.6,4.7,555.3,68.8,38.2,410.3,1.9,40.7,5.3,0.0007944389275074478,7.2,7.5,6.9,42.6,43.0,54.2,97.3,20112.0,40524.0,486.5,0.2,17.5,19.3,27.0,36.0,70.4,24.6,29.9,6.7,7.3,6.1,6.7,8.0
159,Sachsen,160,Dresden II – Bautzen II,5.0,417.7,302000.0,94.8,5.2,723.0,-0.2,4.7,17.1,7.9,14.8,32.3,14.9,13.1,32.9,67.1,4.4,549.5,70.6,38.8,440.5,1.7,40.2,6.1,0.000728476821192053,7.5,7.4,7.5,44.2,41.0,54.4,97.1,20194.0,38283.0,469.4,0.3,19.8,19.5,25.2,35.1,66.6,24.1,27.6,6.6,7.1,5.9,6.6,7.9
160,Sachsen,161,Mittelsachsen,37.0,1675.6,240300.0,96.0,4.0,143.4,-7.0,0.1,15.3,5.1,9.8,33.7,20.8,15.3,11.1,88.9,1.2,597.6,73.1,43.7,590.8,0.8,39.7,10.1,0.0004993757802746567,8.3,9.4,9.0,52.8,28.8,55.0,95.2,20571.0,27181.0,356.6,2.6,36.1,20.4,11.0,29.8,46.2,19.8,11.7,5.5,6.0,5.0,6.0,7.0
161,Sachsen,162,Chemnitz,1.0,221.1,246300.0,91.5,8.5,1114.4,-5.2,1.9,15.2,6.5,13.0,30.9,18.8,15.6,45.1,54.9,1.6,629.9,67.0,42.2,511.6,1.3,39.7,6.7,0.0014210312626877792,6.8,11.2,11.5,42.4,34.9,46.5,92.4,20366.0,35961.0,471.5,0.2,22.1,19.5,25.9,32.3,81.1,24.5,28.7,7.9,8.5,7.1,9.6,9.2
162,Sachsen,163,Chemnitzer Umland – Erzgebirgskreis II,38.0,902.9,214200.0,98.1,1.9,237.2,-7.9,2.5,15.4,4.5,8.3,34.0,22.2,15.7,16.1,83.9,1.5,586.3,75.0,44.0,595.4,0.8,40.1,10.7,0.0007002801120448179,8.1,9.0,7.4,53.7,29.9,51.7,95.0,20705.0,27194.0,362.1,1.6,38.6,19.6,10.6,29.5,46.0,20.3,13.1,5.3,5.8,4.8,5.7,6.8
163,Sachsen,164,Erzgebirgskreis I,46.0,1560.9,256600.00000000003,97.7,2.3,164.4,-8.7,-0.4,15.3,4.7,8.2,33.2,23.4,15.1,11.5,88.5,1.5,595.0,71.8,42.7,604.3,0.7,41.9,12.1,0.0006625097427903351,8.1,7.6,7.0,57.1,28.3,48.9,94.8,20492.0,23770.0,338.7,1.4,42.0,18.2,7.8,30.6,39.9,18.7,9.0,5.3,5.9,4.6,5.9,6.6
164,Sachsen,165,Zwickau,24.0,755.1,243000.0,96.1,3.9,321.8,-8.5,0.1,14.6,5.1,9.5,33.5,21.2,16.1,18.3,81.7,0.8,621.8,71.6,44.5,589.9,1.0,38.6,9.8,0.0006584362139917696,8.0,10.4,6.2,50.8,32.6,51.7,95.2,21056.0,30930.0,392.2,0.9,37.5,20.4,13.0,28.3,52.4,22.0,17.7,5.3,5.6,4.8,5.3,6.7
165,Sachsen,166,Vogtlandkreis,37.0,1412.4,226000.0,96.2,3.8,160.0,-9.7,2.0,14.4,4.7,8.7,33.6,22.1,16.5,11.7,88.3,1.3,637.2,73.1,46.6,607.4,0.9,42.3,11.2,0.0007964601769911505,7.8,7.6,9.7,52.7,30.0,49.6,93.6,20424.0,25660.0,358.1,1.6,36.9,20.0,11.0,30.5,48.0,19.8,17.8,6.1,7.0,5.1,7.6,6.7
166,Hessen,167,Waldeck,29.0,2167.3,234200.0,91.8,8.2,108.1,-5.2,3.2,15.9,7.0,10.6,34.7,19.1,12.8,11.3,88.7,2.0,502.8,101.9,51.2,646.5,0.9,35.6,6.9,0.0009393680614859096,9.5,5.5,18.5,53.0,22.9,32.3,97.1,22818.0,33576.0,354.2,0.8,40.8,20.3,9.4,28.6,44.5,28.7,37.0,4.4,4.7,4.0,4.5,4.7
167,Hessen,168,Kassel,12.0,357.6,304800.0,84.8,15.2,852.4,-1.3,4.0,15.9,8.9,14.5,32.9,16.5,11.4,35.2,64.8,1.2,514.5,84.3,43.4,508.7,1.3,38.0,5.3,0.001377952755905512,9.2,5.4,15.1,46.5,32.9,31.8,90.6,20899.0,44710.0,471.8,0.2,26.0,21.1,19.3,33.4,95.3,29.5,47.6,7.3,7.9,6.6,6.2,7.0
168,Hessen,169,Werra-Meißner – Hersfeld-Rotenburg,36.0,2122.6,221300.0,91.0,9.0,104.3,-5.1,3.0,15.6,7.1,10.9,33.9,19.5,13.1,12.1,87.9,1.6,504.8,101.0,51.0,637.9,0.7,34.7,6.6,0.0016719385449615906,9.8,3.6,21.9,51.6,23.0,32.6,89.2,21564.0,31395.0,351.2,1.2,28.7,29.6,10.5,30.0,52.8,29.0,31.3,5.0,5.4,4.5,5.5,5.5
169,Hessen,170,Schwalm-Eder,38.0,2263.0,235900.0,92.6,7.4,104.3,-5.0,2.1,15.9,7.0,10.9,35.3,19.0,12.0,11.9,88.1,2.3,490.2,107.3,52.6,660.6,0.9,35.1,7.2,0.0011021619330224672,9.9,6.7,15.9,47.2,30.2,33.5,94.8,22413.0,32592.0,335.8,0.8,33.5,24.3,11.2,30.3,44.3,28.3,36.4,4.4,4.7,4.0,4.5,4.3
170,Hessen,171,Marburg,22.0,1262.4,247100.0,88.0,12.0,195.7,-1.9,3.9,16.0,10.7,14.0,32.9,16.2,10.2,14.4,85.6,3.0,480.9,98.8,47.5,575.7,1.1,33.7,5.6,0.0013354917037636583,8.9,4.7,18.7,42.5,34.1,34.7,92.6,21581.0,38530.0,374.7,0.3,36.2,14.7,13.0,35.7,50.7,27.4,38.9,4.6,5.1,4.0,4.7,4.3
171,Hessen,172,Lahn-Dill,25.0,1153.2,275900.0,89.3,10.7,239.3,-3.4,1.9,16.5,7.4,11.6,34.9,18.0,11.7,17.1,82.9,1.9,478.3,104.5,50.0,637.6,1.0,39.8,6.9,0.0011960855382384921,9.4,6.4,19.4,53.1,21.1,27.8,91.7,23504.0,34649.0,372.2,0.2,39.0,20.1,13.7,26.9,66.7,29.0,40.1,5.7,6.2,5.2,5.0,5.9
172,Hessen,173,Gießen,24.0,1343.3,293600.0,87.8,12.2,218.6,-0.9,7.5,15.7,10.6,14.8,32.4,16.5,10.0,15.3,84.7,3.6,490.1,96.2,47.2,587.6,1.4,39.5,6.5,0.0008855585831062671,10.2,4.9,14.5,47.8,32.9,32.9,90.4,21486.0,34680.0,362.0,0.4,25.8,22.4,15.1,36.3,71.9,26.9,40.4,5.8,6.5,5.0,4.6,5.2
173,Hessen,174,Fulda,33.0,2130.2,273100.0,90.9,9.1,128.2,-2.3,3.3,16.6,8.0,12.0,34.4,17.4,11.7,13.0,87.0,3.0,484.5,103.0,49.9,643.3,1.0,39.7,7.1,0.0016111314536799708,9.3,5.8,17.7,53.9,22.6,29.4,94.8,22678.0,35878.0,400.9,0.5,30.3,23.8,17.5,27.9,39.9,28.1,42.3,3.8,4.1,3.4,3.5,3.8
174,Hessen,175,Main-Kinzig – Wetterau II – Schotten,24.0,1539.5,233900.0,89.3,10.7,151.9,-3.1,5.6,15.9,7.2,11.0,35.5,18.8,11.4,12.6,87.4,4.0,471.8,105.7,49.9,618.3,1.5,42.4,7.4,0.001368106028217187,9.1,5.4,17.7,48.4,28.6,29.3,91.2,24511.0,34219.0,313.9,0.5,31.2,23.8,18.1,26.3,57.2,29.8,44.0,5.2,5.5,4.9,5.7,4.8
175,Hessen,176,Hochtaunus,19.0,812.5,252300.0,85.4,14.6,310.6,-2.6,3.3,17.5,6.8,10.1,36.5,17.2,11.9,17.8,82.2,2.1,478.2,103.3,49.4,696.7,2.1,53.5,7.2,0.0012683313515655964,10.3,4.0,13.9,42.3,39.7,35.4,93.5,32099.0,44772.0,383.2,0.3,21.9,21.7,30.2,25.9,49.6,29.6,49.1,5.1,5.4,4.9,5.9,5.3
176,Hessen,177,Wetterau I,17.0,745.8,243000.0,86.4,13.6,325.9,-1.7,7.6,16.9,7.3,11.5,36.4,16.8,11.1,17.3,82.7,4.7,472.1,101.4,47.9,619.6,1.6,43.7,7.5,0.0009876543209876543,9.9,5.5,15.9,38.0,40.7,33.1,92.9,24647.0,29667.0,284.5,0.7,25.4,25.3,18.8,29.8,49.7,27.3,42.5,4.8,5.2,4.3,4.6,4.8
177,Hessen,178,Rheingau-Taunus – Limburg,27.0,1171.2,298000.0,87.2,12.8,254.5,-3.3,3.7,16.5,7.3,10.8,35.8,18.0,11.7,15.5,84.5,2.7,484.7,102.6,49.7,648.9,1.5,44.3,7.7,0.0010067114093959733,9.3,5.9,15.6,46.8,31.8,33.5,93.9,24946.0,27636.0,272.1,0.8,28.5,23.4,15.6,31.7,52.5,30.0,44.5,5.1,5.4,4.6,4.8,4.9
178,Hessen,179,Wiesbaden,1.0,203.9,278500.0,80.2,19.8,1365.9,0.2,-1.6,17.8,8.1,13.2,34.9,15.1,10.9,40.2,59.8,2.2,511.4,80.6,41.2,588.9,1.7,51.0,6.6,0.0010771992818671455,9.7,5.7,13.1,43.7,37.4,34.7,91.7,25338.0,63527.0,494.1,0.1,15.7,19.2,30.4,34.6,111.6,30.3,43.1,8.1,8.2,8.0,7.9,8.2
179,Hessen,180,Hanau,14.0,346.2,262000.0,80.8,19.2,756.8,-0.7,6.6,17.5,7.5,12.1,35.6,16.6,10.7,28.0,72.0,4.1,466.9,93.0,43.4,613.9,1.6,42.1,7.3,0.0013358778625954199,8.9,5.3,18.5,53.2,23.1,27.8,90.4,24607.0,36533.0,326.5,0.4,33.1,23.6,18.5,24.5,61.4,30.8,44.8,5.5,5.7,5.3,6.2,4.9
180,Hessen,181,Main-Taunus,15.0,270.6,284200.0,82.9,17.1,1050.4,-0.5,3.4,18.3,6.7,10.4,36.8,15.6,12.1,32.2,67.8,3.1,475.2,98.7,46.9,791.6,2.3,51.0,6.5,0.0008796622097114708,9.4,3.6,12.9,45.1,38.4,33.8,93.2,29595.0,54338.0,430.3,0.2,15.1,23.8,37.4,23.6,46.6,29.9,49.5,4.8,5.0,4.6,5.2,5.2
181,Hessen,182,Frankfurt am Main I,1.0,85.1,380100.0,67.0,33.0,4467.0,3.9,8.8,16.9,7.6,18.1,36.8,12.7,7.9,58.5,41.5,6.1,521.0,71.0,37.0,445.8,2.4,54.8,5.0,0.0006840305182846619,8.1,6.1,14.1,41.5,38.3,40.5,90.1,23436.0,94190.0,788.9,0.0,10.2,26.6,44.2,18.9,94.3,28.2,46.8,7.3,7.6,6.9,7.1,8.1
182,Hessen,183,Frankfurt am Main II,1.0,163.2,383200.0,73.9,26.1,2348.1,3.9,8.8,16.9,7.6,18.1,36.8,12.7,7.9,58.5,41.5,6.1,521.0,71.0,37.0,445.8,2.4,54.8,5.0,0.0006784968684759918,8.1,6.1,14.1,41.5,38.3,40.5,90.1,23436.0,94190.0,788.9,0.0,10.2,26.6,44.2,18.9,94.3,28.2,46.8,7.3,7.6,6.9,7.1,8.1
183,Hessen,184,Groß-Gerau,14.0,453.0,275700.0,77.3,22.7,608.6,0.9,3.6,17.9,7.8,12.9,35.9,15.4,10.0,24.1,75.9,3.3,454.1,91.3,41.5,577.2,1.5,35.8,5.2,0.0006891548784911135,9.2,5.2,19.7,48.3,26.8,21.8,89.7,22014.0,45716.0,360.7,0.4,28.9,31.1,19.6,19.9,72.9,31.3,48.9,6.1,6.2,6.0,5.7,5.8
184,Hessen,185,Offenbach,9.0,241.4,367100.0,72.7,27.3,1520.8,1.8,5.7,18.2,7.6,13.6,35.2,15.1,10.2,35.5,64.5,2.5,473.2,83.0,39.3,544.4,1.8,47.5,6.8,0.0007082538817760829,9.2,4.9,17.9,43.1,34.2,25.0,87.6,22717.0,39661.0,358.3,0.2,22.8,27.5,27.3,22.3,83.2,31.1,48.4,7.7,7.5,8.0,8.2,8.0
185,Hessen,186,Darmstadt,15.0,449.3,349900.0,82.5,17.5,778.7,0.5,2.1,16.8,9.2,14.7,33.9,15.5,9.9,25.9,74.1,3.2,476.1,90.1,42.9,553.0,2.0,44.0,5.7,0.0009717062017719348,10.0,4.7,13.1,39.8,42.3,31.5,92.6,24169.0,51208.0,444.1,0.4,26.9,18.1,26.7,27.9,67.3,31.7,45.2,5.7,5.9,5.5,5.0,6.2
186,Hessen,187,Odenwald,26.0,1115.1,323500.0,85.8,14.2,290.1,-2.6,4.7,16.3,7.3,11.2,35.8,18.1,11.2,15.0,85.0,3.3,464.2,102.1,47.4,625.9,1.7,44.1,7.5,0.0005255023183925811,8.9,5.7,15.9,46.5,32.0,26.4,89.2,24193.0,32679.0,303.6,0.6,30.6,26.1,19.9,22.8,56.0,31.0,45.6,5.4,5.5,5.3,5.3,5.7
187,Hessen,188,Bergstraße,22.0,719.5,270300.0,86.2,13.8,375.7,-1.9,4.8,16.3,7.0,11.2,35.7,18.3,11.5,16.8,83.2,3.2,472.1,101.9,48.1,647.7,1.5,45.8,8.0,0.000776914539400666,9.1,3.4,14.5,46.0,36.1,29.6,95.2,24752.0,28488.0,281.7,1.0,31.4,26.2,14.9,26.4,52.7,28.5,44.7,4.3,4.6,4.0,3.4,4.7
188,Thüringen,189,Eichsfeld – Nordhausen – Kyffhäuserkreis,113.0,2694.9,257600.00000000003,96.3,3.7,95.6,-6.0,0.1,15.8,5.4,9.8,34.6,21.0,13.5,10.8,89.2,2.4,529.9,86.2,45.7,588.7,0.6,35.6,9.1,0.0006987577639751552,9.2,9.0,15.1,43.8,32.1,53.1,95.6,19239.0,25185.0,325.4,1.9,36.6,18.9,11.3,31.3,62.4,23.2,17.5,7.2,7.8,6.6,7.9,8.0
189,Thüringen,190,Eisenach – Wartburgkreis – Unstrut-Hainich-Kreis,63.0,2350.8,263500.0,95.7,4.3,112.1,-5.8,0.1,15.7,5.1,9.7,35.3,20.7,13.5,11.1,88.9,2.5,538.5,84.3,45.4,577.2,0.9,34.5,8.0,0.0005692599620493358,8.9,10.3,13.0,47.6,29.1,53.7,96.1,19964.0,28268.0,369.9,2.0,37.9,18.0,13.1,29.0,55.9,23.7,18.9,6.9,7.4,6.4,7.8,8.0
190,Thüringen,191,Jena – Sömmerda – Weimarer Land I,77.0,1637.8,256399.99999999997,93.6,6.4,156.6,-3.1,2.9,16.0,7.1,12.9,33.4,18.5,12.0,12.4,87.6,2.9,543.7,79.3,43.1,507.3,1.1,34.7,6.9,0.00046801872074883,8.3,6.6,15.9,39.0,38.5,57.6,98.0,19332.0,33607.0,407.6,1.5,29.7,17.3,16.8,34.8,53.1,23.9,23.3,6.1,6.8,5.3,6.6,6.8
191,Thüringen,192,Gotha – Ilm-Kreis,46.0,1741.2,241200.0,93.6,6.4,138.5,-5.6,2.0,15.2,5.7,10.5,34.9,20.3,13.5,12.8,87.2,3.5,553.3,79.4,44.0,559.5,1.0,36.6,8.2,0.0004975124378109452,8.7,9.5,13.3,44.2,33.1,55.0,94.6,19466.0,28603.0,362.1,1.4,40.3,21.8,12.2,24.3,57.4,23.7,19.4,6.1,6.4,5.7,7.6,6.5
192,Thüringen,193,Erfurt – Weimar – Weimarer Land II,3.0,442.7,285700.0,91.5,8.5,645.5,-1.7,4.1,16.1,7.9,13.9,33.1,17.1,12.0,29.4,70.6,2.6,547.1,71.3,39.0,462.3,2.5,40.1,5.6,0.001050052502625131,8.1,9.2,11.8,38.2,40.8,49.9,95.6,19288.0,37293.0,475.6,0.3,14.1,22.6,29.0,33.9,81.2,27.6,30.6,6.9,7.5,6.3,6.0,7.0
193,Thüringen,194,Gera – Greiz – Altenburger Land,76.0,1567.5,279900.0,95.7,4.3,178.6,-8.5,-0.2,14.2,4.6,8.7,33.7,22.6,16.3,15.4,84.6,1.8,630.6,73.3,46.3,562.7,0.9,37.9,8.7,0.0007859949982136477,8.3,10.3,16.7,42.7,30.3,55.7,95.0,19952.0,24981.0,333.2,1.7,31.6,21.0,13.7,31.9,75.0,23.8,23.4,7.2,8.0,6.3,8.2,7.8
194,Thüringen,195,Saalfeld-Rudolstadt – Saale-Holzland-Kreis – Saale-Orla-Kreis,176.0,2975.3,266500.0,96.7,3.3,89.6,-7.5,1.7,14.7,4.8,8.8,35.1,21.9,14.6,10.1,89.9,1.1,560.7,80.8,45.3,601.5,0.9,38.9,9.7,0.00041275797373358354,8.4,7.1,13.2,47.9,31.8,57.4,96.1,19948.0,25762.0,342.8,3.5,40.5,19.3,8.8,27.9,44.1,21.3,14.2,5.8,6.3,5.2,6.4,7.3
195,Thüringen,196,Suhl – Schmalkalden-Meiningen – Hildburghausen – Sonneberg,80.0,2792.1,282600.0,95.3,4.7,101.2,-8.6,2.1,14.1,5.1,9.5,35.1,21.9,14.3,10.5,89.5,1.9,550.3,83.2,45.8,604.3,0.9,40.9,10.1,0.0005661712668082095,8.4,9.3,15.8,48.0,27.0,57.8,94.1,21062.0,28039.0,347.4,1.7,40.2,17.3,11.8,29.0,35.0,21.4,19.1,5.4,6.0,4.6,6.8,6.0
196,Rheinland-Pfalz,197,Neuwied,181.0,1269.4,311600.0,90.9,9.1,245.5,-3.1,6.3,16.8,7.3,11.3,34.6,18.3,11.6,17.1,82.9,1.8,492.3,103.8,51.1,653.5,1.0,40.0,7.4,0.0009306803594351734,9.9,8.5,22.0,39.5,30.0,27.1,90.7,22885.0,30631.0,325.2,0.5,39.6,19.8,11.9,28.1,53.2,26.4,33.5,5.7,6.0,5.5,4.9,6.3
197,Rheinland-Pfalz,198,Ahrweiler,131.0,1337.3,250200.0,91.5,8.5,187.1,-3.7,6.1,16.0,7.1,11.2,34.7,18.8,12.2,15.1,84.9,3.8,516.7,102.2,52.8,651.1,1.0,41.7,7.9,0.0007993605115907275,9.0,5.9,17.6,37.6,38.9,32.5,94.7,23360.0,28910.0,295.8,1.0,30.8,25.3,13.1,29.9,42.3,26.4,40.0,4.3,4.8,3.9,4.1,4.6
198,Rheinland-Pfalz,199,Koblenz,63.0,635.8,259800.0,88.1,11.9,408.6,-2.7,2.6,15.4,8.3,13.6,33.2,17.5,12.1,19.1,80.9,2.8,533.9,92.0,49.1,609.3,1.1,40.4,6.3,0.0014626635873749038,9.9,6.4,14.9,36.0,42.7,31.3,94.4,22354.0,46712.0,457.8,0.3,22.0,23.9,20.0,33.8,61.2,27.6,39.1,5.3,5.9,4.7,4.7,5.3
199,Rheinland-Pfalz,200,Mosel/Rhein-Hunsrück,277.0,2287.7,218900.0,91.5,8.5,95.7,-4.4,5.2,15.5,6.8,10.8,35.0,19.6,12.2,11.6,88.4,3.2,531.7,108.3,57.6,672.5,0.9,42.6,8.1,0.0010507080858839651,9.9,8.0,20.9,42.2,28.8,31.3,96.7,23413.0,33131.0,354.3,1.3,34.8,23.8,11.9,28.1,35.3,27.4,34.5,4.6,4.5,4.7,4.4,5.2
200,Rheinland-Pfalz,201,Kreuznach,214.0,1640.7,239300.0,89.7,10.3,145.8,-3.3,5.9,16.1,7.0,11.1,34.2,19.4,12.1,12.8,87.2,2.6,521.0,102.2,53.3,635.7,1.1,39.8,7.3,0.0010447137484329294,9.7,7.4,18.9,38.5,35.2,29.3,95.1,22375.0,29815.0,336.1,0.8,30.9,20.5,13.4,34.4,65.7,27.0,34.3,6.7,7.2,6.2,6.8,6.6
201,Rheinland-Pfalz,202,Bitburg,399.0,3102.3,217800.0,88.7,11.3,70.2,-2.9,6.4,16.5,7.1,11.7,35.0,18.5,11.2,11.0,89.0,4.1,532.0,110.1,58.6,668.3,1.0,40.2,7.8,0.00101010101010101,10.4,7.0,17.9,43.1,32.0,29.8,93.4,22568.0,30506.0,319.9,1.3,39.7,21.5,8.9,28.6,30.3,28.3,30.7,3.7,3.9,3.5,3.3,4.3
202,Rheinland-Pfalz,203,Trier,105.0,1219.3,260899.99999999997,87.4,12.6,214.0,-1.5,6.8,15.9,8.9,14.1,34.7,16.3,10.1,14.5,85.5,5.2,528.2,96.7,51.1,582.5,1.2,34.8,6.1,0.0015331544653123803,9.1,8.3,16.4,35.2,40.1,37.4,96.9,22735.0,30496.0,330.9,0.9,24.1,23.4,12.8,38.8,45.9,27.5,37.2,4.7,5.3,4.2,4.2,4.7
203,Rheinland-Pfalz,204,Montabaur,297.0,1508.2,272800.0,91.4,8.6,180.9,-3.1,4.6,16.7,7.0,11.4,35.9,18.2,10.8,15.7,84.3,3.3,493.0,110.2,54.3,670.4,0.9,41.4,7.6,0.000879765395894428,9.8,8.2,19.2,43.9,28.7,30.9,96.2,25189.0,32019.0,324.1,0.5,40.0,21.1,13.3,25.1,37.2,27.8,33.2,3.7,4.1,3.3,3.3,4.0
204,Rheinland-Pfalz,205,Mainz,30.0,467.3,353600.0,84.5,15.5,756.6,0.4,5.7,15.6,9.6,15.9,33.9,15.0,10.1,25.3,74.7,5.6,532.0,84.9,45.2,539.2,1.5,42.9,5.6,0.0007635746606334842,9.2,5.1,13.8,31.8,49.2,35.1,95.8,24026.0,48826.0,433.2,0.6,17.0,21.6,25.6,35.2,62.6,27.6,46.5,5.6,6.2,5.0,4.6,5.6
205,Rheinland-Pfalz,206,Worms,105.0,932.6,289700.0,88.1,11.9,310.6,-1.2,3.9,17.5,7.4,11.4,35.9,18.1,9.8,18.0,82.0,5.2,484.1,102.8,49.8,629.3,1.3,38.7,7.0,0.00044874007594062823,10.0,6.7,16.0,39.4,37.9,31.6,95.8,23554.0,31857.0,293.7,1.9,28.8,26.0,16.6,26.6,59.5,28.8,41.2,6.1,6.4,5.7,6.3,5.9
206,Rheinland-Pfalz,207,Ludwigshafen/Frankenthal,20.0,314.7,324200.0,79.7,20.3,1030.3,-1.1,6.0,17.5,7.5,12.8,34.6,16.2,11.4,34.2,65.8,2.9,496.9,90.0,44.7,551.2,1.5,31.4,5.1,0.0009253547193090684,9.3,11.0,20.1,36.3,32.6,25.2,88.5,22368.0,54556.0,434.9,1.3,41.8,17.7,16.9,22.4,89.3,29.3,46.0,8.1,8.0,8.2,6.8,8.4
207,Rheinland-Pfalz,208,Neustadt – Speyer,57.0,866.1,287900.0,89.4,10.6,332.4,-4.0,6.3,16.1,6.7,11.0,35.2,18.9,12.2,16.7,83.3,3.7,508.0,102.0,51.8,649.7,1.1,42.2,6.7,0.0006599513720041681,9.2,6.0,14.5,33.9,45.6,34.1,96.8,26394.0,29069.0,305.4,2.5,22.9,24.5,15.9,34.3,49.3,26.1,35.0,5.4,5.7,5.0,4.9,6.3
208,Rheinland-Pfalz,209,Kaiserslautern,208.0,1696.2,298200.0,89.4,10.6,175.8,-3.0,2.8,15.9,8.1,12.7,33.7,18.6,11.0,13.6,86.4,1.9,545.4,102.9,56.1,606.0,1.2,34.9,6.5,0.001039570757880617,10.4,9.4,17.0,36.3,37.3,27.8,92.3,20843.0,31327.0,335.6,0.4,27.3,18.6,17.0,36.8,69.0,25.7,30.1,7.0,7.5,6.5,5.9,7.8
209,Rheinland-Pfalz,210,Pirmasens,108.0,1388.1,222700.0,91.6,8.4,160.4,-4.6,2.3,15.5,7.0,11.3,33.8,19.7,12.8,13.6,86.4,1.9,561.1,105.9,59.4,654.7,1.2,37.1,7.5,0.0009429726088908847,9.2,6.9,16.3,41.8,34.9,32.4,94.2,21942.0,26248.0,287.7,0.5,31.3,23.1,11.8,33.2,56.4,26.5,28.2,6.5,7.0,5.9,5.9,7.4
210,Rheinland-Pfalz,211,Südpfalz,107.0,1186.2,286400.0,89.7,10.3,241.5,-2.0,3.3,16.2,7.9,11.8,35.4,18.0,10.7,14.7,85.3,3.1,496.3,104.1,51.7,653.2,1.3,39.1,6.8,0.0008379888268156424,10.2,6.5,13.5,39.4,40.6,34.3,98.1,23448.0,34495.0,351.6,1.4,33.6,24.8,12.3,27.9,47.0,28.3,36.3,5.0,5.3,4.7,4.5,6.0
211,Bayern,212,Altötting,55.0,1374.6,227400.0,87.8,12.2,165.4,-1.5,5.7,17.1,7.6,12.1,35.2,17.1,10.8,12.4,87.6,6.0,457.4,105.1,48.1,639.4,1.4,43.5,8.6,0.001627088830255057,10.9,4.5,26.4,46.9,22.2,22.2,92.4,23613.0,41722.0,398.6,1.1,47.6,18.3,9.9,23.1,31.1,27.2,37.5,4.1,4.6,3.6,3.6,4.8
212,Bayern,213,Erding – Ebersberg,47.0,1420.1,281800.0,86.9,13.1,198.5,0.9,6.7,18.3,7.9,11.9,38.0,14.6,9.4,12.8,87.2,6.1,437.0,103.7,45.3,617.4,1.8,49.6,9.0,0.00035486160397445,10.3,3.1,16.5,49.0,31.4,27.8,92.7,26354.0,32007.0,311.9,1.1,21.4,34.1,18.9,24.5,17.7,28.7,41.5,2.9,3.3,2.6,2.6,4.1
213,Bayern,214,Freising,50.0,1802.2,337800.0,85.1,14.9,187.4,1.3,5.3,17.5,8.3,13.7,37.1,14.7,8.7,13.9,86.1,8.2,457.2,103.0,47.1,628.7,1.5,44.3,8.4,0.0007400828892835998,9.6,5.3,22.4,50.2,22.0,26.7,92.4,25049.0,43404.0,410.7,0.8,27.6,39.8,14.5,17.3,15.3,24.9,45.9,3.2,3.4,2.8,3.1,4.1
214,Bayern,215,Fürstenfeldbruck,39.0,992.4,333800.0,84.8,15.2,336.4,1.1,1.9,17.7,7.5,12.0,36.7,15.5,10.7,15.6,84.4,5.3,455.6,97.0,44.2,577.6,1.5,47.5,8.8,0.0005991611743559018,10.2,6.2,19.2,41.9,32.7,29.0,92.6,26114.0,27786.0,260.3,0.8,26.2,28.4,17.3,27.3,24.3,29.8,49.3,3.5,3.8,3.2,3.2,4.4
215,Bayern,216,Ingolstadt,42.0,1845.6,338000.0,86.3,13.7,183.2,2.0,2.0,17.8,7.9,14.2,35.4,15.2,9.5,12.9,87.1,6.9,473.6,100.0,47.4,681.4,4.0,35.8,6.6,0.0011242603550295858,10.9,3.7,18.7,50.1,27.5,25.8,91.3,24514.0,73589.0,500.1,0.4,47.6,16.0,16.9,19.1,27.9,29.0,45.8,3.2,3.4,3.1,3.3,4.0
216,Bayern,217,München-Nord,1.0,87.8,372800.0,71.3,28.7,4247.0,4.2,5.8,15.9,8.1,18.6,35.1,13.0,9.4,75.0,25.0,5.1,543.3,70.6,38.3,498.7,3.5,62.0,5.4,0.0009388412017167382,7.8,5.5,18.3,40.5,35.7,36.4,89.0,32766.0,79690.0,605.0,0.1,15.7,17.5,41.6,25.2,51.8,28.5,49.8,5.3,5.6,5.0,3.9,6.9
217,Bayern,218,München-Ost,1.0,79.7,391400.0,74.1,25.9,4909.0,4.2,5.8,15.9,8.1,18.6,35.1,13.0,9.4,75.0,25.0,5.1,543.3,70.6,38.3,498.7,3.5,62.0,5.4,0.0008942258559018907,7.8,5.5,18.3,40.5,35.7,36.4,89.0,32766.0,79690.0,605.0,0.1,15.7,17.5,41.6,25.2,51.8,28.5,49.8,5.3,5.6,5.0,3.9,6.9
218,Bayern,219,München-Süd,1.0,52.5,340200.0,74.2,25.8,6478.0,4.2,5.8,15.9,8.1,18.6,35.1,13.0,9.4,75.0,25.0,5.1,543.3,70.6,38.3,498.7,3.5,62.0,5.4,0.00102880658436214,7.8,5.5,18.3,40.5,35.7,36.4,89.0,32766.0,79690.0,605.0,0.1,15.7,17.5,41.6,25.2,51.8,28.5,49.8,5.3,5.6,5.0,3.9,6.9
219,Bayern,220,München-West/Mitte,1.0,90.7,379900.0,75.3,24.7,4189.1,4.2,5.8,15.9,8.1,18.6,35.1,13.0,9.4,75.0,25.0,5.1,543.3,70.6,38.3,498.7,3.5,62.0,5.4,0.0009212950776520138,7.8,5.5,18.3,40.5,35.7,36.4,89.0,32766.0,79690.0,605.0,0.1,15.7,17.5,41.6,25.2,51.8,28.5,49.8,5.3,5.6,5.0,3.9,6.9
220,Bayern,221,München-Land,29.0,664.3,350500.0,82.0,18.0,527.6,0.2,4.5,18.1,7.9,11.7,36.2,14.4,11.6,21.1,78.9,5.0,466.2,95.9,44.7,697.7,3.0,76.5,8.2,0.0003138373751783167,8.7,2.5,12.6,34.7,50.2,43.6,96.8,31122.0,110283.0,684.7,0.2,21.1,23.2,41.3,14.3,21.2,30.6,48.4,3.5,3.7,3.2,2.8,4.4
221,Bayern,222,Rosenheim,47.0,1476.7,324900.0,87.5,12.5,220.0,-0.7,3.6,17.0,7.7,12.3,35.2,16.7,11.0,12.4,87.6,4.4,479.2,96.4,46.2,632.6,1.3,57.9,11.0,0.0009541397353031702,10.5,3.5,21.3,47.5,27.7,22.4,91.7,25321.0,36635.0,372.2,0.7,29.9,23.2,14.4,31.7,24.5,27.5,37.2,3.7,4.2,3.2,3.1,5.0
222,Bayern,223,Bad Tölz-Wolfratshausen – Miesbach,38.0,1976.9,227900.0,87.1,12.9,115.3,-1.3,6.0,16.9,7.3,11.4,35.9,16.5,12.0,7.2,92.8,5.3,494.9,95.0,47.0,640.9,1.5,64.6,12.5,0.00144800351031154,10.4,3.8,16.4,50.6,29.2,23.2,90.2,27813.0,32875.0,327.9,1.2,32.7,26.1,13.8,26.2,18.8,27.0,40.0,3.6,4.2,3.0,2.6,5.2
223,Bayern,224,Starnberg – Landsberg am Lech,46.0,1313.7,297400.0,87.0,13.0,226.4,-0.8,3.7,17.6,7.5,10.6,36.0,16.2,12.0,13.4,86.6,3.8,474.7,102.2,48.5,644.5,1.9,63.1,9.1,0.0008406186953597848,10.4,4.8,15.6,44.5,35.1,29.0,93.8,30346.0,39032.0,344.4,0.7,31.0,22.0,20.3,26.0,20.5,27.9,46.5,3.7,4.1,3.3,3.4,5.0
224,Bayern,225,Traunstein,50.0,2373.6,283200.0,87.4,12.6,119.3,-1.8,4.1,16.0,7.5,12.2,34.4,17.6,12.4,8.3,91.7,3.7,499.9,95.3,47.6,640.6,1.2,50.3,9.6,0.001094632768361582,10.3,4.3,22.6,47.1,26.0,17.6,89.1,23729.0,38335.0,373.6,0.9,39.5,23.3,9.9,26.4,23.9,27.2,39.1,4.6,5.5,3.7,3.5,5.9
225,Bayern,226,Weilheim,56.0,1978.5,223900.0,88.9,11.1,113.2,-2.0,3.0,16.5,7.4,11.4,34.8,17.3,12.6,7.5,92.5,3.7,501.8,92.7,46.5,624.4,1.2,53.4,10.5,0.0011612326931665924,11.2,4.5,19.6,48.4,27.5,23.0,91.8,25229.0,37034.0,354.5,0.7,34.6,22.5,11.0,31.2,25.6,28.3,39.1,4.0,4.7,3.2,3.0,5.3
226,Bayern,227,Deggendorf,55.0,1941.0,211600.0,92.4,7.6,109.0,-2.4,3.6,15.6,8.0,12.0,35.6,18.6,10.2,11.2,88.8,5.9,490.1,106.8,52.3,660.8,0.8,46.3,9.2,0.0015122873345935729,10.2,5.4,23.0,50.0,21.6,22.0,93.3,22603.0,36219.0,385.5,0.7,42.2,20.6,11.1,25.4,21.1,23.4,27.6,4.6,5.8,3.1,3.4,6.6
227,Bayern,228,Landshut,53.0,2305.9,343500.0,86.6,13.4,149.0,0.1,8.5,17.3,8.0,12.8,36.2,16.1,9.6,12.1,87.9,4.9,452.4,105.7,47.8,632.7,1.3,43.0,8.4,0.0009898107714701601,10.0,5.8,22.2,49.7,22.3,23.5,91.1,24351.0,39072.0,366.5,1.0,37.3,19.5,15.6,26.7,24.3,26.2,45.3,4.2,4.7,3.6,4.2,4.9
228,Bayern,229,Passau,35.0,1503.6,231700.0,89.5,10.5,154.1,-3.1,7.0,15.1,8.4,12.7,34.2,18.4,11.2,14.1,85.9,3.3,499.8,102.4,51.2,634.9,1.1,50.1,8.8,0.001122140699179974,10.2,6.1,21.1,47.3,25.5,25.9,93.8,21866.0,39458.0,417.7,0.6,35.1,24.0,12.0,28.3,33.9,27.8,39.4,4.9,6.0,3.7,4.0,6.4
229,Bayern,230,Rottal-Inn,53.0,2331.3,231100.0,88.8,11.2,99.1,-1.4,7.9,16.5,7.9,12.5,35.6,17.4,10.3,11.1,88.9,5.7,446.1,115.6,51.6,694.7,1.1,47.3,9.1,0.0009086975335352661,9.9,5.1,26.8,47.5,20.5,21.7,91.2,24283.0,45047.0,409.8,1.6,49.8,19.3,11.4,17.8,24.8,26.3,35.4,4.3,4.8,3.7,3.8,5.6
230,Bayern,231,Straubing,62.0,2244.0,226300.0,90.7,9.3,100.9,-2.2,3.2,16.0,7.6,12.3,35.6,18.2,10.3,10.3,89.7,5.8,482.4,105.3,50.8,644.7,1.0,44.3,9.2,0.0011489173663278833,10.3,4.1,22.8,45.2,27.9,22.4,92.3,22553.0,35108.0,383.6,1.2,39.4,21.6,11.6,26.2,29.2,24.3,36.0,5.3,6.7,3.6,5.0,6.7
231,Bayern,232,Amberg,47.0,2649.9,279800.0,91.5,8.5,105.6,-1.2,5.7,16.3,7.8,12.1,35.7,17.5,10.5,11.0,89.0,5.3,477.7,106.5,50.9,657.2,1.1,41.2,8.3,0.0011794138670478912,10.2,4.0,21.7,50.0,24.4,23.8,93.4,23575.0,38453.0,387.7,0.5,43.4,19.2,11.3,25.6,22.1,25.3,33.9,3.5,4.1,2.8,3.1,4.4
232,Bayern,233,Regensburg,40.0,1389.8,340200.0,87.5,12.5,244.8,0.8,1.7,16.1,8.6,15.4,35.0,15.5,9.4,14.2,85.8,6.2,523.8,90.5,47.4,628.9,1.5,42.3,6.3,0.0009994121105232215,8.8,6.1,18.8,44.9,30.2,26.1,93.1,23694.0,53270.0,510.8,0.5,33.5,19.5,18.3,28.2,31.2,24.0,39.9,4.0,4.7,3.3,3.7,4.5
233,Bayern,234,Schwandorf,74.0,3067.9,282800.0,92.4,7.6,92.2,-2.2,5.6,16.0,7.7,12.1,35.8,18.0,10.4,10.7,89.3,3.9,475.5,106.5,50.6,682.6,0.8,41.8,8.7,0.0008486562942008487,10.0,3.8,24.9,46.5,24.8,22.3,91.2,22562.0,36908.0,394.8,0.8,46.3,19.7,11.8,21.4,21.5,25.6,35.3,4.3,5.4,3.1,3.9,5.8
234,Bayern,235,Weiden,65.0,2582.5,209200.0,93.5,6.5,81.0,-3.1,2.7,15.6,7.6,11.8,35.2,18.4,11.4,10.2,89.8,3.3,518.1,99.2,51.4,667.6,0.8,40.3,8.2,0.0014818355640535373,9.5,5.0,19.6,49.7,25.7,26.5,96.9,22271.0,38488.0,413.1,0.9,40.0,20.8,12.9,25.4,31.6,24.6,30.3,4.4,5.2,3.6,4.0,5.6
235,Bayern,236,Bamberg,37.0,1003.1,241100.0,90.6,9.4,240.4,-0.2,0.3,16.3,8.1,14.1,35.2,16.4,9.8,14.1,85.9,5.2,491.9,95.6,47.0,629.7,1.2,41.2,7.3,0.0011613438407299876,11.3,5.3,16.1,43.1,35.5,32.8,93.3,23361.0,39940.0,421.9,0.4,36.6,22.6,12.6,27.7,28.8,25.1,35.6,3.9,4.5,3.3,3.6,5.0
236,Bayern,237,Bayreuth,44.0,1648.0,206600.0,92.7,7.3,125.4,-3.4,4.4,14.8,9.3,12.5,34.1,17.7,11.4,11.1,88.9,2.8,521.6,94.3,49.2,627.9,1.1,40.4,7.0,0.0010648596321393999,9.6,6.0,17.0,43.8,33.2,35.7,95.0,22384.0,38185.0,386.8,0.7,29.7,20.2,15.7,33.8,31.2,23.6,31.1,4.3,4.9,3.7,2.9,6.1
237,Bayern,238,Coburg,37.0,1305.8,197300.0,93.5,6.5,151.1,-4.7,0.8,14.7,7.1,11.4,35.2,19.1,12.5,12.7,87.3,3.4,516.5,98.1,50.7,661.4,1.0,39.2,7.6,0.0010643689812468323,9.6,7.2,22.3,40.7,29.7,41.2,96.0,24869.0,43985.0,448.7,0.5,43.6,16.7,17.7,21.5,34.3,24.2,29.2,4.6,5.1,4.1,4.6,5.9
238,Bayern,239,Hof,44.0,1541.3,210600.0,90.4,9.6,136.6,-6.1,0.9,14.8,7.1,10.6,34.1,19.7,13.7,12.8,87.2,1.0,564.4,90.2,50.9,640.1,0.9,39.8,8.0,0.001519468186134853,10.8,10.0,18.7,44.7,26.6,33.8,91.2,21897.0,36860.0,423.0,0.6,40.9,22.4,10.6,25.6,52.6,26.8,42.6,5.3,6.2,4.3,4.9,6.5
239,Bayern,240,Kulmbach,52.0,1733.0,209800.0,94.9,5.1,121.0,-3.8,2.0,15.5,7.0,11.1,36.1,18.9,11.4,11.5,88.5,2.8,489.8,103.3,50.6,680.8,0.9,39.9,8.3,0.0008102955195424213,7.7,7.3,21.6,49.8,21.2,38.4,96.7,23067.0,32554.0,358.7,0.6,39.5,24.1,10.2,25.6,24.6,22.3,29.0,3.9,4.4,3.3,3.4,5.7
240,Bayern,241,Ansbach,86.0,3042.0,321100.0,90.2,9.8,105.6,-1.6,4.7,17.0,7.8,12.0,35.1,17.4,10.7,11.3,88.7,3.8,472.4,103.3,48.8,660.6,1.0,42.1,8.0,0.0011522890065400187,11.4,6.4,20.6,48.3,24.7,31.8,94.0,23188.0,35045.0,380.2,1.0,41.9,18.9,9.6,28.7,22.6,25.0,38.4,3.7,4.0,3.3,3.0,5.0
241,Bayern,242,Erlangen,29.0,720.5,257100.00000000003,86.8,13.2,356.8,-0.5,7.2,16.9,8.5,14.2,34.7,15.7,10.0,16.6,83.4,6.8,518.0,92.6,47.9,590.5,1.6,37.8,5.6,0.0009334889148191365,10.0,4.5,13.7,41.3,40.5,41.9,96.1,25526.0,64405.0,572.3,0.3,37.9,13.1,23.9,24.9,27.8,26.6,40.0,3.6,3.8,3.3,2.7,4.6
242,Bayern,243,Fürth,50.0,1559.2,340100.0,87.6,12.4,218.1,-1.0,6.3,16.5,7.3,12.3,36.2,17.0,10.6,13.1,86.9,4.0,487.6,95.2,46.4,594.4,1.3,42.8,7.2,0.0004998529844163482,8.8,5.7,18.4,46.1,29.9,31.0,90.7,24207.0,30537.0,313.4,0.9,32.6,23.3,16.5,26.8,38.2,25.9,39.4,4.4,4.9,3.9,4.4,5.0
243,Bayern,244,Nürnberg-Nord,1.0,85.8,290300.0,76.0,24.0,3385.6,-0.9,0.6,16.0,8.1,15.8,34.2,15.1,10.8,61.6,38.4,2.6,538.9,75.6,40.7,476.2,1.9,45.0,5.5,0.0015156734412676543,9.7,9.0,22.9,39.3,28.8,29.7,88.3,22748.0,60711.0,596.3,0.5,20.2,22.4,33.3,23.6,79.0,26.1,47.0,6.7,7.1,6.2,5.6,7.5
244,Bayern,245,Nürnberg-Süd,1.0,141.5,269000.0,79.0,21.0,1901.3,-1.1,1.5,16.1,8.0,15.2,34.4,15.3,11.0,53.9,46.1,2.7,532.2,78.0,41.5,501.1,2.0,45.4,5.7,0.001449814126394052,10.5,8.2,21.2,40.8,29.8,28.9,88.1,23272.0,56969.0,566.9,0.5,21.9,22.5,31.5,23.7,73.0,26.0,46.6,6.4,6.8,5.9,5.4,7.2
245,Bayern,246,Roth,43.0,1694.7,297500.0,91.6,8.4,175.6,-1.9,2.7,16.6,7.2,11.0,36.2,17.7,11.4,13.1,86.9,3.8,478.3,104.0,49.7,661.4,1.6,44.1,8.0,0.0005714285714285715,9.0,7.5,19.1,46.3,27.1,34.1,96.9,25307.0,31080.0,321.8,0.5,40.6,22.6,10.1,26.2,20.1,26.9,37.8,3.1,3.5,2.7,2.8,4.2
246,Bayern,247,Aschaffenburg,33.0,761.4,245200.0,88.2,11.8,322.1,-1.1,3.1,16.2,7.1,12.1,35.8,17.7,11.0,16.5,83.5,2.8,495.6,97.7,48.4,656.0,1.3,49.4,8.6,0.0011419249592169657,10.3,4.2,20.5,47.6,27.7,31.9,94.4,24564.0,45382.0,409.0,0.4,34.5,26.5,17.4,21.2,42.0,29.1,47.8,4.6,4.8,4.4,4.4,5.1
247,Bayern,248,Bad Kissingen,89.0,3114.8,267300.0,94.7,5.3,85.8,-3.2,2.5,16.0,7.1,11.0,35.0,19.2,11.6,10.4,89.6,2.7,491.5,104.9,51.6,683.3,1.0,38.9,8.3,0.0006734006734006734,10.6,5.7,23.4,45.2,25.7,39.0,94.7,22733.0,34936.0,361.6,0.8,40.4,17.4,10.2,31.2,23.2,22.5,31.0,3.6,3.8,3.2,3.1,5.0
248,Bayern,249,Main-Spessart,72.0,2036.8,254900.0,90.6,9.4,125.1,-2.3,1.5,15.9,7.2,11.1,35.7,18.6,11.5,10.5,89.5,3.6,489.4,103.7,50.7,665.6,1.3,42.3,8.4,0.0005100039231071008,10.0,3.3,22.4,48.0,26.2,36.4,96.3,23464.0,35706.0,358.3,0.8,50.6,18.2,10.4,20.0,24.0,28.2,43.9,3.4,3.5,3.1,3.3,4.1
249,Bayern,250,Schweinfurt,61.0,1561.2,260000.0,89.9,10.1,166.6,-1.7,1.8,16.3,7.5,12.3,34.6,17.9,11.4,14.4,85.6,3.1,485.1,98.9,48.0,647.3,1.3,38.2,6.6,0.0014230769230769232,10.9,7.0,21.4,41.9,29.7,35.9,94.4,22848.0,44202.0,436.3,1.2,41.3,22.5,11.2,23.9,33.6,28.0,40.4,3.7,3.8,3.6,2.8,4.4
250,Bayern,251,Würzburg,53.0,1055.9,290200.0,91.0,9.0,274.9,-0.4,2.5,14.9,9.6,15.1,32.8,16.7,10.9,15.9,84.1,3.5,543.3,89.0,48.4,586.6,1.5,43.2,6.1,0.001206064782908339,9.1,5.9,17.6,44.0,32.5,41.1,95.1,23974.0,44469.0,455.7,0.6,19.5,22.5,21.8,35.6,32.8,26.1,41.7,3.4,3.8,3.0,2.5,4.3
251,Bayern,252,Augsburg-Stadt,2.0,165.3,324600.0,78.4,21.6,1964.4,-0.2,4.1,15.5,9.0,16.5,33.6,14.9,10.6,44.6,55.4,2.9,514.8,75.2,38.7,482.5,1.8,40.8,5.4,0.0010166358595194084,10.9,6.1,21.3,40.9,31.7,24.9,86.5,20487.0,47808.0,476.3,0.1,24.9,19.1,21.3,34.5,56.8,25.0,45.9,6.4,6.8,5.9,5.1,7.5
252,Bayern,253,Augsburg-Land,60.0,1525.9,331300.0,90.4,9.6,217.1,0.2,8.5,17.8,7.4,11.4,36.2,16.6,10.6,14.9,85.1,5.7,457.3,106.1,48.5,647.6,1.5,44.6,8.9,0.0006942348324781165,9.2,6.2,24.2,49.5,20.0,25.5,92.2,25308.0,29535.0,298.1,0.9,37.4,28.2,14.0,19.5,22.1,28.9,41.5,3.3,3.6,3.0,2.8,4.6
253,Bayern,254,Donau-Ries,80.0,2373.4,259100.00000000003,90.4,9.6,109.2,-0.8,5.1,17.3,7.9,12.1,35.7,16.8,10.2,11.5,88.5,4.8,446.2,109.0,48.6,675.0,1.3,42.2,8.4,0.0010420686993438827,11.1,5.7,19.7,51.2,23.4,27.9,92.7,24897.0,42080.0,408.4,1.2,46.0,20.4,11.9,20.4,18.8,28.7,41.1,2.8,3.0,2.5,2.6,3.6
254,Bayern,255,Neu-Ulm,70.0,1684.3,337500.0,86.0,14.0,200.4,0.4,7.5,17.2,8.0,12.7,35.5,16.3,10.2,14.9,85.1,4.8,463.6,100.2,46.5,645.7,1.0,41.4,7.6,0.0008592592592592593,9.8,7.0,20.0,46.9,26.1,23.4,93.4,24545.0,41309.0,391.5,0.5,41.4,23.4,10.9,23.8,20.3,26.6,38.6,3.2,3.3,3.1,2.8,4.3
255,Bayern,256,Oberallgäu,48.0,1914.6,307100.0,88.1,11.9,160.4,-1.0,5.5,16.2,7.6,12.3,34.5,17.2,12.2,8.9,91.1,4.8,523.9,88.2,46.2,626.7,1.2,51.6,8.2,0.0010420058612829698,9.1,5.6,23.1,47.7,23.6,23.3,92.8,24629.0,38673.0,405.4,0.9,34.6,26.0,17.4,21.1,23.3,25.5,34.3,3.8,4.1,3.5,3.1,5.0
256,Bayern,257,Ostallgäu,80.0,2328.1,339800.0,88.2,11.8,145.9,-0.9,9.1,17.1,7.6,12.2,34.7,17.0,11.5,11.0,89.0,5.2,479.8,97.4,46.7,640.8,1.2,48.7,8.7,0.0008534432018834607,11.1,4.1,21.1,50.0,24.8,19.2,91.9,24550.0,40550.0,412.6,0.7,45.3,20.9,9.9,23.2,21.4,23.9,38.5,3.5,3.7,3.2,3.0,5.0
257,Baden-Württemberg,258,Stuttgart I,1.0,113.8,310800.0,77.9,22.1,2732.3,2.3,-0.2,15.4,8.4,18.5,34.6,13.1,10.0,51.7,48.3,2.3,495.2,74.9,37.1,483.3,3.5,48.1,4.7,0.0016409266409266408,7.9,6.5,11.1,40.2,42.2,38.4,92.8,25788.0,90518.0,665.3,0.1,23.3,14.3,35.2,27.0,63.4,26.1,47.8,5.6,5.8,5.2,4.0,6.2
258,Baden-Württemberg,259,Stuttgart II,1.0,93.6,325100.0,72.3,27.7,3474.2,2.3,-0.2,15.4,8.4,18.5,34.6,13.1,10.0,51.7,48.3,2.3,495.2,74.9,37.1,483.3,3.5,48.1,4.7,0.0015687480775146108,7.9,6.5,11.1,40.2,42.2,38.4,92.8,25788.0,90518.0,665.3,0.1,23.3,14.3,35.2,27.0,63.4,26.1,47.8,5.6,5.8,5.2,4.0,6.2
259,Baden-Württemberg,260,Böblingen,23.0,563.2,370000.0,81.3,18.7,657.0,1.5,1.8,18.0,7.3,13.1,35.4,15.3,10.9,23.7,76.3,2.9,467.3,93.2,43.6,654.2,3.1,38.9,5.4,0.001108108108108108,9.1,5.9,13.7,50.4,30.0,28.1,92.6,25597.0,66535.0,462.1,0.1,37.7,20.6,24.4,17.2,34.5,30.0,54.2,4.1,4.2,4.0,3.0,5.2
260,Baden-Württemberg,261,Esslingen,15.0,208.7,251600.0,80.8,19.2,1205.7,0.2,2.1,16.9,8.0,13.3,35.4,14.9,11.4,30.3,69.7,2.8,484.0,86.0,41.6,623.2,1.8,43.4,6.6,0.001311605723370429,9.2,4.2,16.8,44.9,34.1,27.4,93.9,25582.0,42726.0,411.1,0.4,38.4,21.4,20.2,19.6,40.6,26.3,48.8,4.4,4.7,4.0,3.8,5.0
261,Baden-Württemberg,262,Nürtingen,31.0,465.0,298700.0,83.6,16.4,642.2,0.0,2.6,16.9,7.7,12.7,35.5,16.3,11.0,22.0,78.0,3.2,476.9,92.1,43.9,624.8,1.9,43.2,6.6,0.001104787412119183,9.2,4.3,16.6,45.2,33.9,27.4,93.8,25583.0,43937.0,413.7,0.4,38.4,21.3,20.4,19.4,40.3,26.5,49.0,4.4,4.7,4.0,3.8,5.0
262,Baden-Württemberg,263,Göppingen,38.0,642.3,258100.00000000003,83.0,17.0,401.9,-1.5,5.1,17.0,7.6,12.1,34.8,16.8,11.6,16.9,83.1,2.7,473.8,92.5,43.8,643.9,1.4,42.1,7.3,0.001588531576908175,9.7,6.8,17.2,49.3,26.8,23.2,94.0,24173.0,34635.0,339.0,0.3,41.2,20.1,14.9,23.5,47.3,28.4,48.2,4.9,5.2,4.6,4.4,5.8
263,Baden-Württemberg,264,Waiblingen,18.0,513.3,322400.0,83.5,16.5,628.1,0.0,2.1,17.1,7.6,12.1,35.5,16.1,11.6,20.1,79.9,2.1,478.0,89.4,42.7,621.2,1.5,44.9,7.7,0.0013337468982630271,9.7,6.4,14.3,52.4,26.8,25.4,94.8,25631.0,35442.0,356.2,0.5,38.9,20.5,16.0,24.1,45.0,27.9,49.2,4.6,4.9,4.3,3.5,5.2
264,Baden-Württemberg,265,Ludwigsburg,16.0,361.4,330400.0,80.9,19.1,914.1,1.5,0.0,17.7,7.4,13.6,35.6,15.0,10.8,27.8,72.2,1.9,476.7,87.3,41.6,612.0,1.7,40.3,6.3,0.0007869249394673125,9.6,5.1,13.2,50.2,31.5,28.7,95.4,26189.0,47422.0,381.0,0.7,35.3,23.9,19.8,20.3,34.1,29.8,49.7,3.7,3.8,3.7,3.1,4.8
265,Baden-Württemberg,266,Neckar-Zaber,39.0,642.4,331600.0,84.3,15.7,516.3,0.5,4.6,17.5,7.4,12.4,36.0,16.1,10.5,20.8,79.2,3.4,463.5,97.3,45.1,643.2,1.8,40.3,6.9,0.0005729794933655005,9.5,4.9,15.6,50.2,29.3,27.8,95.0,25798.0,49811.0,393.0,0.7,39.1,22.3,19.0,18.9,34.0,29.2,48.5,3.8,3.9,3.8,3.1,4.7
266,Baden-Württemberg,267,Heilbronn,32.0,904.9,362000.0,81.0,19.0,400.1,0.5,3.3,17.6,8.1,13.5,35.0,15.7,10.1,19.4,80.6,5.3,466.0,94.0,43.8,648.2,1.8,41.8,7.5,0.00143646408839779,10.6,5.0,19.4,49.6,26.0,25.4,94.7,29132.0,55652.0,472.1,0.5,36.8,20.8,20.4,21.5,44.8,27.4,47.8,4.8,5.0,4.6,3.9,5.2
267,Baden-Württemberg,268,Schwäbisch Hall – Hohenlohe,46.0,2260.8,309400.0,88.3,11.7,136.9,-0.3,5.6,17.6,7.9,12.8,35.1,16.8,9.8,12.7,87.3,5.1,464.0,100.6,46.7,688.1,1.3,40.9,8.1,0.0015837104072398192,10.4,5.8,20.7,51.1,22.4,22.9,94.6,24003.0,45338.0,466.3,0.8,46.3,22.4,12.9,17.6,25.8,26.1,37.7,3.6,3.7,3.4,3.0,4.5
268,Baden-Württemberg,269,Backnang – Schwäbisch Gmünd,34.0,838.7,246200.0,86.5,13.5,293.5,-1.8,4.4,17.2,8.1,12.0,34.8,17.0,11.0,15.2,84.8,3.7,471.6,95.8,45.2,640.8,1.5,42.1,7.3,0.0019090170593013811,10.7,5.8,15.7,49.9,28.6,25.6,95.0,25038.0,40920.0,385.1,0.4,43.7,18.2,13.6,24.1,37.8,27.1,42.1,4.2,4.3,4.0,3.0,5.1
269,Baden-Württemberg,270,Aalen – Heidenheim,32.0,1644.6,305500.0,87.3,12.7,185.7,-2.0,3.2,17.2,8.0,12.3,34.6,16.7,11.3,12.6,87.4,3.4,471.0,97.2,45.8,645.8,1.2,38.4,6.9,0.0016039279869067102,10.7,5.3,17.2,47.7,29.9,25.0,95.1,23924.0,41390.0,402.3,0.4,46.4,17.1,13.4,22.7,38.0,27.4,38.1,4.4,4.5,4.3,3.3,5.3
270,Baden-Württemberg,271,Karlsruhe-Stadt,1.0,173.4,312100.0,81.2,18.8,1799.4,-0.4,-1.0,14.3,11.0,17.5,33.1,14.0,10.1,46.8,53.2,1.5,506.7,80.3,40.7,454.4,1.9,44.4,5.4,0.0014098045498237746,8.2,5.9,9.8,42.0,42.3,39.7,93.1,22814.0,65518.0,575.3,0.1,15.3,21.5,35.5,27.6,51.0,22.9,31.9,5.2,5.6,4.7,3.9,6.1
271,Baden-Württemberg,272,Karlsruhe-Land,21.0,718.4,287100.0,86.7,13.3,399.6,-1.8,5.2,16.5,7.2,11.5,35.7,17.5,11.6,17.4,82.6,3.6,469.5,103.2,48.5,629.2,1.3,41.0,7.8,0.0012190874259839777,9.4,6.5,18.1,49.1,26.3,34.7,93.5,24295.0,37869.0,356.6,0.4,35.3,20.6,23.5,20.2,30.6,27.3,42.4,3.8,4.1,3.5,3.7,4.6
272,Baden-Württemberg,273,Rastatt,24.0,878.6,286600.0,84.5,15.5,326.2,-2.8,5.1,16.1,7.1,11.6,35.4,17.9,11.9,15.0,85.0,2.9,493.6,97.8,48.3,652.2,1.4,41.9,6.3,0.0014654570830425681,9.4,5.9,17.0,50.4,26.7,31.7,92.2,25333.0,46304.0,433.7,0.4,44.6,18.4,16.1,20.5,37.2,26.3,44.7,4.5,4.7,4.3,3.9,5.1
273,Baden-Württemberg,274,Heidelberg,12.0,305.5,324700.0,83.4,16.6,1062.7,1.1,3.1,15.6,10.3,15.6,33.1,14.8,10.6,27.1,72.9,2.7,499.6,85.9,42.9,510.4,1.8,44.5,5.4,0.0012319063751154912,8.6,4.4,10.8,40.9,43.8,39.7,93.3,24496.0,45623.0,445.2,0.3,18.8,17.4,26.5,37.1,41.9,25.7,36.7,5.0,5.5,4.4,3.3,6.0
274,Baden-Württemberg,275,Mannheim,1.0,145.0,310700.0,76.1,23.9,2142.9,-0.8,4.9,15.4,10.0,16.7,33.8,14.3,9.7,58.2,41.8,1.9,537.6,75.3,40.5,492.0,1.8,45.8,5.7,0.0011586739620212424,9.1,8.0,12.7,41.5,37.7,29.5,87.3,22054.0,67775.0,609.5,0.1,27.0,22.7,27.3,22.9,95.0,26.9,40.8,7.7,7.8,7.6,3.2,8.3
275,Baden-Württemberg,276,Odenwald – Tauber,45.0,2430.1,276000.0,90.0,10.0,113.6,-2.6,3.7,16.4,7.5,11.5,34.8,18.5,11.4,11.0,89.0,3.7,483.3,104.6,50.5,665.0,1.3,38.3,7.3,0.00213768115942029,10.6,5.2,20.2,47.0,27.5,27.9,94.6,23078.0,35869.0,369.4,0.6,45.0,17.8,9.5,27.1,31.0,26.1,37.1,4.0,4.2,3.8,3.5,5.0
276,Baden-Württemberg,277,Rhein-Neckar,34.0,724.8,271100.0,87.3,12.7,374.0,-1.4,1.7,17.2,7.3,11.7,35.8,17.4,10.7,17.7,82.3,2.9,476.5,103.7,49.4,643.3,1.8,42.5,6.9,0.0012541497602360752,8.2,5.9,12.4,47.7,34.0,34.6,93.9,25278.0,34291.0,325.3,0.5,28.0,21.1,28.0,22.4,42.7,26.3,41.0,4.7,5.0,4.3,3.9,5.4
277,Baden-Württemberg,278,Bruchsal – Schwetzingen,20.0,506.6,272100.0,86.2,13.8,537.2,-1.6,3.7,16.7,7.2,12.4,36.1,17.0,10.6,23.4,76.6,3.0,472.4,100.9,47.7,635.1,1.5,41.7,7.4,0.0012862918044836457,8.9,6.3,15.9,48.5,29.3,34.7,93.6,24708.0,36368.0,343.5,0.4,32.4,20.8,25.3,21.1,35.7,26.8,41.7,4.2,4.5,3.9,3.8,4.9
278,Baden-Württemberg,279,Pforzheim,29.0,671.6,325500.0,81.3,18.7,484.7,-0.2,4.1,17.5,8.0,12.5,34.5,16.3,11.2,18.7,81.3,2.3,474.4,93.7,44.5,597.3,1.3,43.9,7.2,0.0011981566820276498,9.6,7.5,16.4,47.6,28.6,24.9,90.2,24661.0,34706.0,374.7,0.2,41.5,21.8,14.3,22.3,52.3,30.1,51.6,5.2,5.3,5.0,4.6,5.4
279,Baden-Württemberg,280,Calw,41.0,1667.7,277400.0,85.9,14.1,166.4,-1.4,5.7,17.2,7.7,11.8,35.2,17.2,10.9,10.7,89.3,3.3,487.4,95.0,46.3,657.1,1.3,42.0,8.4,0.0017664023071377072,9.6,6.3,17.2,53.8,22.8,26.5,94.1,24611.0,33886.0,348.2,0.3,41.0,23.1,9.2,26.4,30.5,24.2,39.8,4.1,4.2,3.9,2.9,5.0
280,Baden-Württemberg,281,Freiburg,20.0,452.8,320800.0,84.5,15.5,708.4,2.1,1.9,16.4,10.5,16.7,32.7,14.4,9.4,21.1,78.9,6.2,493.8,81.0,40.0,459.3,1.7,47.1,5.8,0.0019014962593516208,9.6,6.7,9.6,40.1,43.5,42.0,97.4,22899.0,45746.0,491.3,0.3,17.7,21.8,19.0,41.2,56.9,27.1,37.5,5.3,6.0,4.6,3.1,5.7
281,Baden-Württemberg,282,Lörrach – Müllheim,48.0,1155.1,324200.0,85.2,14.8,280.7,-0.7,3.6,17.6,7.2,11.9,35.2,16.9,11.1,13.7,86.3,4.1,478.5,95.7,45.8,598.9,1.6,40.0,6.9,0.0007711289327575571,9.3,5.1,15.2,48.3,31.5,29.0,93.8,26699.0,32707.0,336.4,0.8,37.5,24.5,12.4,24.7,39.0,28.0,40.2,4.7,5.3,4.1,3.3,5.3
282,Baden-Württemberg,283,Emmendingen – Lahr,41.0,1204.2,298200.0,88.4,11.6,247.6,-0.3,6.1,17.7,7.5,11.9,35.2,17.1,10.7,12.2,87.8,3.8,460.4,97.8,45.0,619.2,1.1,42.9,7.6,0.0013413816230717639,9.1,5.9,19.4,49.5,25.2,33.5,95.5,23747.0,36655.0,370.0,0.7,40.8,20.9,11.7,26.0,33.5,29.4,41.4,3.8,4.0,3.5,2.9,4.2
283,Baden-Württemberg,284,Offenburg,29.0,1094.4,278400.0,88.0,12.0,254.4,-1.4,5.1,16.9,7.6,12.2,34.7,17.5,11.1,13.5,86.5,3.4,469.2,99.5,46.7,634.0,1.0,42.0,6.8,0.0015086206896551724,10.1,5.1,17.9,48.4,28.7,33.2,94.8,23948.0,41282.0,426.0,0.6,38.9,23.7,11.8,25.1,36.6,30.0,39.3,4.0,4.2,3.9,3.3,4.5
284,Baden-Württemberg,285,Rottweil – Tuttlingen,56.0,1503.8,280600.0,85.4,14.6,186.6,-0.6,4.5,18.1,7.8,12.4,34.5,16.3,10.9,12.8,87.2,3.6,473.4,99.4,47.0,650.8,1.2,44.4,8.0,0.001532430506058446,9.5,6.0,21.4,47.0,25.6,24.1,94.3,25665.0,47601.0,444.3,0.2,58.0,15.4,8.5,18.0,30.1,30.4,46.8,3.7,3.9,3.6,3.7,4.1
285,Baden-Württemberg,286,Schwarzwald-Baar,25.0,1266.8,233300.0,84.5,15.5,184.2,-1.3,1.7,16.9,7.6,12.4,33.6,17.3,12.1,10.5,89.5,2.1,497.9,91.2,45.4,621.8,1.4,42.5,7.0,0.0021431633090441492,9.9,6.2,15.7,53.8,24.3,28.1,94.5,24906.0,40292.0,413.0,0.3,43.5,19.6,11.8,24.8,37.8,29.4,41.5,4.6,4.9,4.2,4.1,4.8
286,Baden-Württemberg,287,Konstanz,25.0,818.0,286300.0,84.6,15.4,350.0,-0.8,4.8,16.4,9.7,12.9,33.5,16.1,11.4,16.1,83.9,4.1,502.6,89.2,44.8,559.8,1.6,44.6,6.5,0.0016416346489696123,8.9,5.8,17.3,46.5,30.5,31.7,93.6,25486.0,35093.0,360.6,1.0,28.7,24.5,15.7,30.0,41.4,29.8,42.6,4.7,5.2,4.1,3.3,5.1
287,Baden-Württemberg,288,Waldshut,50.0,1861.3,249500.0,85.3,14.7,134.1,-1.0,2.8,17.7,7.5,11.6,34.4,17.5,11.4,9.2,90.8,4.3,496.9,96.7,48.0,620.6,1.4,41.0,7.8,0.0013627254509018035,9.9,6.1,19.7,50.1,24.1,26.8,94.4,25384.0,30901.0,319.8,0.7,36.9,26.1,10.4,25.8,32.0,30.4,41.3,4.2,4.8,3.6,3.3,5.0
288,Baden-Württemberg,289,Reutlingen,26.0,1092.5,287000.0,84.1,15.9,262.7,0.0,2.8,17.4,7.9,12.2,35.0,16.3,11.2,13.4,86.6,3.9,472.5,93.6,44.2,627.6,1.3,45.0,8.1,0.0016027874564459928,9.9,5.4,19.4,45.4,29.9,30.2,93.7,24763.0,40454.0,401.5,0.4,39.7,18.2,16.8,24.8,41.8,28.9,49.1,4.6,4.8,4.3,4.0,4.6
289,Baden-Württemberg,290,Tübingen,21.0,788.8,278400.0,86.3,13.7,353.0,1.1,4.2,16.8,10.5,14.7,33.2,15.5,9.3,16.5,83.5,6.9,460.1,95.4,43.9,573.6,1.4,40.0,6.9,0.0013649425287356322,9.9,5.6,13.7,43.2,37.5,36.1,94.6,23995.0,34329.0,370.5,1.5,30.0,16.7,12.9,39.0,32.8,28.8,46.3,3.6,4.0,3.1,2.5,4.3
290,Baden-Württemberg,291,Ulm,56.0,1477.2,323900.0,83.8,16.2,219.2,0.8,4.1,17.5,8.8,14.1,34.3,15.3,10.0,13.9,86.1,4.4,470.7,95.1,44.8,600.8,1.2,43.0,6.8,0.00172892868169188,10.4,5.0,18.8,45.6,30.7,27.2,94.6,24607.0,49780.0,468.6,0.4,32.9,22.7,18.5,25.4,32.0,30.8,49.5,3.7,4.0,3.4,3.6,4.3
291,Baden-Württemberg,292,Biberach,49.0,1748.1,230500.0,89.1,10.9,131.9,1.6,5.4,18.7,7.8,12.6,35.2,16.0,9.6,11.6,88.4,6.7,458.4,104.9,48.1,649.5,1.0,40.3,7.5,0.0020390455531453366,10.7,7.5,19.8,50.2,22.5,25.1,95.0,24084.0,51858.0,431.4,0.7,52.7,16.2,10.5,19.9,22.3,28.6,44.1,2.9,3.1,2.6,2.6,3.3
292,Baden-Württemberg,293,Bodensee,27.0,860.6,239100.0,86.4,13.6,277.9,-1.1,6.9,16.8,7.5,11.9,34.5,17.4,11.9,14.0,86.0,4.4,500.3,93.3,46.7,637.9,1.7,46.0,7.2,0.002216645754914262,10.1,8.0,14.4,49.3,28.2,29.8,95.3,26222.0,50142.0,426.0,1.0,45.4,17.3,12.2,24.2,27.7,27.6,41.4,3.6,3.6,3.5,2.9,4.2
293,Baden-Württemberg,294,Ravensburg,35.0,1293.5,256200.0,88.4,11.6,198.1,0.5,4.2,17.4,8.5,12.9,34.5,16.2,10.4,11.7,88.3,3.6,463.3,95.3,44.2,630.7,1.1,48.0,8.1,0.002263856362217018,12.1,6.7,15.0,52.4,25.9,25.8,94.6,24132.0,45098.0,424.1,0.7,36.8,19.9,13.8,28.7,29.9,26.8,36.0,3.4,3.7,3.0,3.2,3.8
294,Baden-Württemberg,295,Zollernalb – Sigmaringen,40.0,1656.3,248800.0,87.7,12.3,150.2,-2.1,3.4,16.7,7.9,12.1,34.5,17.3,11.6,12.1,87.9,3.3,478.9,101.4,48.5,669.1,1.3,44.2,9.2,0.0018086816720257236,10.3,6.0,18.4,52.0,23.6,28.3,92.4,24495.0,36869.0,369.7,0.7,46.1,20.2,9.0,24.0,27.6,25.5,31.0,4.1,4.2,3.9,3.9,4.8
295,Saarland,296,Saarbrücken,6.0,325.7,271400.0,83.6,16.4,833.3,-4.0,2.0,15.0,8.3,13.9,32.8,18.4,11.7,31.8,68.2,2.5,549.7,87.1,47.9,582.9,1.5,41.6,6.5,0.0011790714812085483,9.0,8.0,28.0,27.9,36.0,28.2,89.0,19205.0,44904.0,460.7,0.1,22.6,19.7,25.1,32.6,131.8,26.9,42.6,10.3,11.4,9.2,8.1,9.2
296,Saarland,297,Saarlouis,18.0,893.2,262400.0,89.1,10.9,293.8,-5.8,2.1,15.0,6.7,11.3,34.8,20.0,12.2,19.2,80.8,3.0,507.8,109.6,55.7,689.1,1.1,36.0,7.6,0.001448170731707317,9.1,5.5,26.6,32.8,35.2,31.4,96.2,20022.0,30444.0,339.7,0.4,35.6,24.2,13.8,25.9,55.0,26.3,40.4,5.7,6.2,5.0,3.7,5.9
297,Saarland,298,St. Wendel,16.0,802.0,212600.0,93.5,6.5,265.1,-6.5,2.7,14.2,6.4,10.9,34.9,20.6,12.9,18.5,81.5,2.7,511.9,110.4,56.5,676.2,1.2,34.1,7.2,0.0018344308560677327,8.7,8.1,27.8,33.2,30.9,30.0,89.3,20799.0,30272.0,329.8,0.4,33.9,20.6,14.6,30.6,69.6,27.6,40.6,6.3,6.7,5.8,5.3,6.1
298,Saarland,299,Homburg,12.0,550.2,240500.0,89.1,10.9,437.1,-6.5,2.0,14.8,7.0,11.4,33.9,19.9,13.1,24.1,75.9,2.1,531.0,99.3,52.7,663.8,1.4,38.1,7.4,0.0015384615384615385,8.5,7.7,24.1,33.3,34.8,30.0,91.5,21301.0,37042.0,421.5,0.2,33.9,19.9,16.6,29.5,78.9,27.0,41.6,7.0,7.6,6.2,6.3,7.2
